Year,Code,Party,Candidate Votes
2017,E14000530,Conservative,26955
2017,E14000530,Labour,15477
2017,E14000530,Lib Dem,3637
2017,E14000530,UKIP,1796
2017,E14000530,Green,1090
2017,E14000531,Conservative,26317
2017,E14000531,Labour,12010
2017,E14000531,Lib Dem,1343
2017,E14000531,Independent,565
2017,E14000532,Conservative,26933
2017,E14000532,Labour,20507
2017,E14000532,Lib Dem,4051
2017,E14000532,Green,1000
2017,E14000532,Independent,299
2017,E14000533,Conservative,25905
2017,E14000533,Labour,17605
2017,E14000533,Lib Dem,1100
2017,E14000533,Green,650
2017,E14000533,Independent,551
2017,E14000534,Conservative,37573
2017,E14000534,Labour,13690
2017,E14000534,Lib Dem,4783
2017,E14000534,Green,2542
2017,E14000534,UKIP,1668
2017,E14000535,Labour,21285
2017,E14000535,Conservative,20844
2017,E14000535,Independent,4612
2017,E14000535,UKIP,1885
2017,E14000535,Lib Dem,969
2017,E14000535,Green,398
2017,E14000536,Conservative,35318
2017,E14000536,Labour,17840
2017,E14000536,Lib Dem,3101
2017,E14000536,UKIP,2218
2017,E14000536,Green,1402
2017,E14000537,Labour,24005
2017,E14000537,Conservative,12710
2017,E14000537,UKIP,1878
2017,E14000537,Lib Dem,646
2017,E14000537,Green,534
2017,E14000538,Conservative,32313
2017,E14000538,Labour,17617
2017,E14000538,Lib Dem,5660
2017,E14000538,UKIP,1296
2017,E14000538,Green,1237
2017,E14000538,Independent,620
2017,E14000539,Conservative,33388
2017,E14000539,Labour,20989
2017,E14000539,Lib Dem,3452
2017,E14000539,UKIP,1581
2017,E14000539,Green,1225
2017,E14000539,Independent,927
2017,E14000540,Labour,32319
2017,E14000540,Conservative,10711
2017,E14000540,UKIP,3031
2017,E14000540,Green,724
2017,E14000540,Lib Dem,599
2017,E14000540,Independent,295
2017,E14000541,Labour,24982
2017,E14000541,Conservative,9436
2017,E14000541,UKIP,3339
2017,E14000541,Green,572
2017,E14000541,Lib Dem,549
2017,E14000541,Independent,211
2017,E14000542,Labour,24218
2017,E14000542,Conservative,10997
2017,E14000542,UKIP,3247
2017,E14000542,Independent,1215
2017,E14000542,Lib Dem,750
2017,E14000542,Other,287
2017,E14000543,Labour,22592
2017,E14000543,Conservative,22383
2017,E14000543,Lib Dem,1278
2017,E14000543,UKIP,962
2017,E14000543,Green,375
2017,E14000544,Conservative,27381
2017,E14000544,Labour,13981
2017,E14000544,UKIP,2008
2017,E14000544,Lib Dem,1548
2017,E14000545,Conservative,29510
2017,E14000545,Labour,20044
2017,E14000545,Lib Dem,3406
2017,E14000545,UKIP,1681
2017,E14000545,Green,1106
2017,E14000545,Other,213
2017,E14000546,Labour,27467
2017,E14000546,Conservative,22615
2017,E14000546,Lib Dem,1154
2017,E14000546,Independent,1014
2017,E14000547,Lib Dem,23436
2017,E14000547,Conservative,17742
2017,E14000547,Labour,7279
2017,E14000547,Green,1125
2017,E14000548,Labour,29844
2017,E14000548,Conservative,20883
2017,E14000548,Lib Dem,1224
2017,E14000548,Independent,1076
2017,E14000548,Green,695
2017,E14000548,Other,58
2017,E14000549,Labour,25292
2017,E14000549,Conservative,22876
2017,E14000549,Lib Dem,4401
2017,E14000549,Independent,1234
2017,E14000549,Green,866
2017,E14000549,UKIP,357
2017,E14000549,Other,32
2017,E14000550,Conservative,36559
2017,E14000550,Labour,12016
2017,E14000550,Lib Dem,4448
2017,E14000550,UKIP,1609
2017,E14000550,Green,1396
2017,E14000551,Conservative,30632
2017,E14000551,Labour,15545
2017,E14000551,Lib Dem,4073
2017,E14000551,Green,1380
2017,E14000552,Labour,22712
2017,E14000552,Conservative,21923
2017,E14000552,Lib Dem,2837
2017,E14000552,Green,1008
2017,E14000553,Labour,31161
2017,E14000553,Lib Dem,18189
2017,E14000553,Conservative,7581
2017,E14000553,UKIP,838
2017,E14000553,Green,639
2017,E14000553,Independent,113
2017,E14000554,Conservative,22145
2017,E14000554,Labour,10364
2017,E14000554,Lib Dem,8916
2017,E14000554,Green,787
2017,E14000555,Labour,42969
2017,E14000555,Conservative,7576
2017,E14000555,Independent,3888
2017,E14000555,Lib Dem,2982
2017,E14000555,Green,1516
2017,E14000555,UKIP,894
2017,E14000556,Conservative,32499
2017,E14000556,Labour,18457
2017,E14000556,Lib Dem,2808
2017,E14000556,Independent,1158
2017,E14000556,Green,756
2017,E14000557,Conservative,36854
2017,E14000557,Labour,14689
2017,E14000557,Lib Dem,4485
2017,E14000557,UKIP,2006
2017,E14000557,Green,1438
2017,E14000558,Conservative,25113
2017,E14000558,Labour,16040
2017,E14000558,UKIP,1944
2017,E14000558,Lib Dem,1201
2017,E14000558,Green,601
2017,E14000558,Other,290
2017,E14000559,Labour,33558
2017,E14000559,Conservative,8044
2017,E14000559,Lib Dem,1118
2017,E14000559,Green,943
2017,E14000560,Labour,24124
2017,E14000560,Conservative,17207
2017,E14000560,Lib Dem,1564
2017,E14000560,Green,562
2017,E14000561,Labour,21571
2017,E14000561,Conservative,14286
2017,E14000561,Lib Dem,750
2017,E14000561,Green,610
2017,E14000562,Labour,42143
2017,E14000562,Conservative,8199
2017,E14000562,Lib Dem,3137
2017,E14000562,Green,831
2017,E14000563,Labour,37606
2017,E14000563,Conservative,6580
2017,E14000563,UKIP,1016
2017,E14000563,Lib Dem,805
2017,E14000563,Green,387
2017,E14000564,Labour,34166
2017,E14000564,Conservative,5452
2017,E14000564,Lib Dem,1156
2017,E14000564,Green,533
2017,E14000565,Labour,23596
2017,E14000565,Conservative,18929
2017,E14000565,Lib Dem,959
2017,E14000565,Green,864
2017,E14000566,Labour,30109
2017,E14000566,Conservative,11726
2017,E14000566,Lib Dem,1080
2017,E14000566,Other,693
2017,E14000566,Green,591
2017,E14000567,Labour,30836
2017,E14000567,Conservative,15629
2017,E14000567,Lib Dem,1644
2017,E14000567,Green,876
2017,E14000568,Labour,25398
2017,E14000568,Conservative,8824
2017,E14000568,Lib Dem,7984
2017,E14000568,UKIP,1916
2017,E14000568,Green,280
2017,E14000568,Independent,100
2017,E14000569,Labour,20808
2017,E14000569,Conservative,20306
2017,E14000569,Lib Dem,1176
2017,E14000569,Other,991
2017,E14000570,Labour,33148
2017,E14000570,Conservative,12780
2017,E14000570,Independent,875
2017,E14000570,Lib Dem,709
2017,E14000571,Labour,28258
2017,E14000571,Conservative,8657
2017,E14000571,UKIP,1825
2017,E14000571,Lib Dem,737
2017,E14000571,Green,462
2017,E14000571,Other,174
2017,E14000572,Conservative,20255
2017,E14000572,Labour,18232
2017,E14000572,UKIP,1392
2017,E14000572,Lib Dem,747
2017,E14000572,Green,381
2017,E14000573,Labour,17581
2017,E14000573,Conservative,15058
2017,E14000573,UKIP,1339
2017,E14000573,Lib Dem,634
2017,E14000573,Green,341
2017,E14000574,Labour,26979
2017,E14000574,Conservative,13502
2017,E14000574,Lib Dem,4366
2017,E14000574,UKIP,2459
2017,E14000574,Green,583
2017,E14000574,Independent,114
2017,E14000574,Other,81
2017,E14000575,Labour,23770
2017,E14000575,Conservative,15855
2017,E14000575,Lib Dem,1947
2017,E14000575,Green,918
2017,E14000576,Conservative,30276
2017,E14000576,Labour,12782
2017,E14000576,Lib Dem,3352
2017,E14000576,Independent,2088
2017,E14000576,UKIP,1861
2017,E14000576,Green,993
2017,E14000577,Labour,24153
2017,E14000577,Conservative,18865
2017,E14000577,UKIP,2129
2017,E14000577,Lib Dem,1372
2017,E14000578,Labour,22870
2017,E14000578,Conservative,19073
2017,E14000578,UKIP,1567
2017,E14000578,Lib Dem,1316
2017,E14000578,Green,357
2017,E14000579,Labour,25676
2017,E14000579,Conservative,12550
2017,E14000579,UKIP,2779
2017,E14000579,Lib Dem,781
2017,E14000579,Green,537
2017,E14000580,Conservative,24459
2017,E14000580,Labour,23523
2017,E14000580,UKIP,1587
2017,E14000580,Lib Dem,1485
2017,E14000581,Labour,42259
2017,E14000581,Conservative,6059
2017,E14000581,Lib Dem,837
2017,E14000581,Green,709
2017,E14000581,Other,424
2017,E14000582,Conservative,27271
2017,E14000582,Labour,10699
2017,E14000582,UKIP,3308
2017,E14000582,Lib Dem,771
2017,E14000582,Green,547
2017,E14000582,Independent,283
2017,E14000583,Conservative,31864
2017,E14000583,Labour,13513
2017,E14000583,Lib Dem,9744
2017,E14000583,Green,1047
2017,E14000584,Conservative,25221
2017,E14000584,Labour,17284
2017,E14000584,Lib Dem,3168
2017,E14000584,UKIP,1405
2017,E14000584,Green,1236
2017,E14000584,Independent,304
2017,E14000585,Conservative,23812
2017,E14000585,Labour,16101
2017,E14000585,Lib Dem,2929
2017,E14000585,Green,1247
2017,E14000585,Other,418
2017,E14000586,Conservative,32882
2017,E14000586,Labour,16866
2017,E14000586,Lib Dem,4186
2017,E14000586,UKIP,1521
2017,E14000586,Independent,437
2017,E14000587,Labour,29831
2017,E14000587,Conservative,9291
2017,E14000587,Independent,3576
2017,E14000587,UKIP,1372
2017,E14000587,Lib Dem,843
2017,E14000587,Other,420
2017,E14000587,Green,289
2017,E14000588,Labour,22364
2017,E14000588,Conservative,15664
2017,E14000588,UKIP,1758
2017,E14000588,Lib Dem,516
2017,E14000588,Independent,377
2017,E14000588,Green,370
2017,E14000589,Labour,29444
2017,E14000589,Conservative,7542
2017,E14000589,Independent,6345
2017,E14000589,UKIP,885
2017,E14000589,Lib Dem,712
2017,E14000589,Green,481
2017,E14000589,Other,119
2017,E14000590,Conservative,32873
2017,E14000590,Labour,14451
2017,E14000590,Lib Dem,2251
2017,E14000590,UKIP,1835
2017,E14000590,Green,916
2017,E14000591,Labour,38208
2017,E14000591,Conservative,10211
2017,E14000591,Lib Dem,2519
2017,E14000591,Green,802
2017,E14000591,UKIP,556
2017,E14000592,Labour,35496
2017,E14000592,Conservative,18435
2017,E14000592,Lib Dem,1614
2017,E14000592,Green,660
2017,E14000592,Independent,239
2017,E14000593,Labour,35364
2017,E14000593,Conservative,23182
2017,E14000593,Lib Dem,3083
2017,E14000594,Conservative,34811
2017,E14000594,Labour,10809
2017,E14000594,Lib Dem,4426
2017,E14000594,UKIP,1845
2017,E14000594,Green,915
2017,E14000595,Conservative,32111
2017,E14000595,Labour,16663
2017,E14000595,Lib Dem,6332
2017,E14000595,UKIP,2102
2017,E14000595,Green,1059
2017,E14000596,Conservative,27219
2017,E14000596,Labour,14856
2017,E14000596,UKIP,1596
2017,E14000596,Lib Dem,836
2017,E14000596,Green,550
2017,E14000597,Labour,28703
2017,E14000597,Conservative,18835
2017,E14000597,Lib Dem,1457
2017,E14000597,Independent,212
2017,E14000598,Green,30139
2017,E14000598,Labour,15450
2017,E14000598,Conservative,11082
2017,E14000598,UKIP,630
2017,E14000598,Independent,376
2017,E14000599,Labour,30847
2017,E14000599,Conservative,17453
2017,E14000599,Lib Dem,1389
2017,E14000599,Green,1110
2017,E14000600,Labour,27400
2017,E14000600,Conservative,22639
2017,E14000600,Lib Dem,2814
2017,E14000600,Green,1243
2017,E14000601,Labour,32666
2017,E14000601,Conservative,16679
2017,E14000601,Lib Dem,1821
2017,E14000601,UKIP,1672
2017,E14000601,Green,1428
2017,E14000601,Independent,116
2017,E14000602,Labour,47213
2017,E14000602,Conservative,9877
2017,E14000602,Green,9216
2017,E14000602,Lib Dem,5201
2017,E14000602,Other,101
2017,E14000603,Conservative,32406
2017,E14000603,Labour,16590
2017,E14000603,Lib Dem,4449
2017,E14000603,UKIP,1594
2017,E14000603,Green,932
2017,E14000604,Conservative,25175
2017,E14000604,Labour,15585
2017,E14000604,Lib Dem,3369
2017,E14000604,UKIP,1383
2017,E14000604,Green,1150
2017,E14000605,Conservative,33493
2017,E14000605,Labour,16920
2017,E14000605,Lib Dem,2488
2017,E14000605,Independent,1139
2017,E14000606,Conservative,29515
2017,E14000606,Labour,13723
2017,E14000606,UKIP,1918
2017,E14000606,Lib Dem,1481
2017,E14000606,Green,848
2017,E14000607,Conservative,25983
2017,E14000607,Labour,25120
2017,E14000607,Lib Dem,2247
2017,E14000607,UKIP,1477
2017,E14000607,Green,681
2017,E14000608,Speaker,34299
2017,E14000608,Green,8574
2017,E14000608,Other,5638
2017,E14000608,UKIP,4168
2017,E14000609,Labour,18832
2017,E14000609,Conservative,12479
2017,E14000609,Lib Dem,6046
2017,E14000609,UKIP,2472
2017,E14000609,Green,461
2017,E14000610,Conservative,28936
2017,E14000610,Labour,18889
2017,E14000610,Lib Dem,1262
2017,E14000610,Green,824
2017,E14000611,Labour,25683
2017,E14000611,Conservative,21308
2017,E14000611,Lib Dem,912
2017,E14000612,Labour,27165
2017,E14000612,Conservative,21200
2017,E14000612,UKIP,1316
2017,E14000612,Lib Dem,1065
2017,E14000612,Independent,244
2017,E14000613,Conservative,36794
2017,E14000613,Labour,18353
2017,E14000613,Lib Dem,3565
2017,E14000613,Green,2596
2017,E14000613,Independent,852
2017,E14000614,Conservative,26790
2017,E14000614,Labour,26181
2017,E14000614,Lib Dem,1952
2017,E14000614,UKIP,1466
2017,E14000614,Independent,1034
2017,E14000614,Green,631
2017,E14000615,Labour,44665
2017,E14000615,Conservative,7349
2017,E14000615,Lib Dem,3413
2017,E14000615,Green,1627
2017,E14000615,Independent,358
2017,E14000616,Conservative,23001
2017,E14000616,Labour,21424
2017,E14000616,Lib Dem,2979
2017,E14000616,Green,1052
2017,E14000617,Labour,29032
2017,E14000617,Lib Dem,16371
2017,E14000617,Conservative,9133
2017,E14000617,Green,1265
2017,E14000617,Independent,133
2017,E14000618,Conservative,26318
2017,E14000618,Labour,17927
2017,E14000618,UKIP,2018
2017,E14000618,Green,815
2017,E14000618,Lib Dem,794
2017,E14000619,Labour,25572
2017,E14000619,Conservative,25385
2017,E14000619,Lib Dem,4561
2017,E14000619,Green,1282
2017,E14000620,Conservative,21472
2017,E14000620,Labour,18873
2017,E14000620,UKIP,1455
2017,E14000620,Lib Dem,1256
2017,E14000621,Lib Dem,20819
2017,E14000621,Conservative,19450
2017,E14000621,Labour,9360
2017,E14000621,Green,501
2017,E14000621,Independent,434
2017,E14000621,Other,189
2017,E14000622,Conservative,30076
2017,E14000622,Labour,11204
2017,E14000622,UKIP,2381
2017,E14000622,Lib Dem,1049
2017,E14000623,Conservative,31278
2017,E14000623,Labour,15598
2017,E14000623,Lib Dem,6770
2017,E14000623,Green,1531
2017,E14000623,UKIP,1326
2017,E14000623,Independent,871
2017,E14000623,Other,470
2017,E14000624,Conservative,33992
2017,E14000624,Labour,16807
2017,E14000624,Lib Dem,2431
2017,E14000624,Green,1639
2017,E14000624,UKIP,1635
2017,E14000625,Conservative,33318
2017,E14000625,Labour,14637
2017,E14000625,Lib Dem,2052
2017,E14000625,UKIP,1471
2017,E14000625,Green,1036
2017,E14000625,Independent,322
2017,E14000626,Conservative,25587
2017,E14000626,Labour,15129
2017,E14000626,UKIP,2225
2017,E14000626,Lib Dem,1116
2017,E14000626,Green,573
2017,E14000626,Other,260
2017,E14000627,Conservative,24331
2017,E14000627,Lib Dem,19824
2017,E14000627,Labour,10417
2017,E14000628,Conservative,30525
2017,E14000628,Labour,16953
2017,E14000628,Lib Dem,6916
2017,E14000628,UKIP,1645
2017,E14000628,Green,821
2017,E14000629,Conservative,22179
2017,E14000629,Labour,13991
2017,E14000629,Lib Dem,4627
2017,E14000629,Green,807
2017,E14000629,UKIP,524
2017,E14000630,Conservative,26615
2017,E14000630,Lib Dem,24046
2017,E14000630,Labour,5408
2017,E14000630,Green,943
2017,E14000631,Conservative,33514
2017,E14000631,Labour,11374
2017,E14000631,Lib Dem,7179
2017,E14000631,Green,1660
2017,E14000631,UKIP,1525
2017,E14000632,Labour,26266
2017,E14000632,Conservative,16661
2017,E14000632,Lib Dem,2612
2017,E14000632,UKIP,1611
2017,E14000632,Green,777
2017,E14000633,Conservative,36032
2017,E14000633,Labour,13411
2017,E14000633,Lib Dem,6749
2017,E14000633,Green,1992
2017,E14000633,UKIP,1650
2017,E14000633,Independent,84
2017,E14000634,Conservative,23076
2017,E14000634,Labour,20638
2017,E14000634,Lib Dem,2043
2017,E14000634,Green,1204
2017,E14000635,Conservative,31267
2017,E14000635,Lib Dem,11236
2017,E14000635,Labour,10059
2017,E14000636,Conservative,25679
2017,E14000636,Labour,25326
2017,E14000636,Lib Dem,3012
2017,E14000636,Green,1406
2017,E14000637,Labour,30745
2017,E14000637,Conservative,23233
2017,E14000637,Lib Dem,1126
2017,E14000637,Green,530
2017,E14000638,Conservative,35230
2017,E14000638,Labour,10059
2017,E14000638,Lib Dem,4020
2017,E14000638,Green,1324
2017,E14000639,Conservative,18005
2017,E14000639,Labour,14857
2017,E14000639,Lib Dem,4270
2017,E14000639,Green,821
2017,E14000639,UKIP,426
2017,E14000639,Independent,173
2017,E14000639,Other,102
2017,E14000640,Labour,32073
2017,E14000640,Conservative,22847
2017,E14000640,Lib Dem,1551
2017,E14000641,Labour,26772
2017,E14000641,Conservative,14408
2017,E14000641,Lib Dem,4787
2017,E14000641,UKIP,1116
2017,E14000641,Green,797
2017,E14000641,Independent,399
2017,E14000641,Other,45
2017,E14000642,Conservative,27031
2017,E14000642,Labour,11203
2017,E14000642,UKIP,3357
2017,E14000642,Lib Dem,887
2017,E14000642,Green,719
2017,E14000643,Conservative,27321
2017,E14000643,Labour,16921
2017,E14000643,UKIP,2022
2017,E14000643,Lib Dem,1110
2017,E14000643,Green,470
2017,E14000644,Conservative,24565
2017,E14000644,Labour,18888
2017,E14000644,Lib Dem,9087
2017,E14000644,Green,828
2017,E14000644,Other,177
2017,E14000645,Conservative,27903
2017,E14000645,Labour,27818
2017,E14000645,Lib Dem,2494
2017,E14000645,Green,892
2017,E14000645,Independent,313
2017,E14000646,Conservative,31830
2017,E14000646,Labour,19211
2017,E14000646,Lib Dem,2902
2017,E14000646,UKIP,1289
2017,E14000646,Green,999
2017,E14000647,Conservative,21062
2017,E14000647,Labour,19367
2017,E14000647,Lib Dem,1404
2017,E14000647,UKIP,1094
2017,E14000648,Conservative,29534
2017,E14000648,Labour,26844
2017,E14000648,Lib Dem,1545
2017,E14000648,UKIP,1495
2017,E14000648,Green,579
2017,E14000649,Labour,29499
2017,E14000649,Conservative,13919
2017,E14000649,UKIP,1350
2017,E14000649,Lib Dem,1157
2017,E14000649,Green,502
2017,E14000649,Independent,81
2017,E14000650,Labour,26894
2017,E14000650,Conservative,18314
2017,E14000650,UKIP,1525
2017,E14000650,Lib Dem,1286
2017,E14000650,Independent,1164
2017,E14000650,Green,666
2017,E14000651,Labour,25874
2017,E14000651,Conservative,17927
2017,E14000651,Lib Dem,1343
2017,E14000651,UKIP,1037
2017,E14000651,Green,604
2017,E14000651,Independent,224
2017,E14000652,Conservative,25426
2017,E14000652,Labour,22969
2017,E14000652,Lib Dem,1878
2017,E14000653,Labour,25928
2017,E14000653,Conservative,25880
2017,E14000653,UKIP,1885
2017,E14000653,Lib Dem,1334
2017,E14000654,Labour,29873
2017,E14000654,Conservative,24221
2017,E14000654,Lib Dem,1083
2017,E14000654,UKIP,1040
2017,E14000654,Green,626
2017,E14000654,Other,177
2017,E14000654,Independent,71
2017,E14000655,Labour,44213
2017,E14000655,Conservative,11848
2017,E14000655,Lib Dem,1656
2017,E14000655,Green,983
2017,E14000655,UKIP,753
2017,E14000655,Independent,170
2017,E14000656,Conservative,33334
2017,E14000656,Labour,21928
2017,E14000656,Lib Dem,3541
2017,E14000656,Green,1125
2017,E14000656,UKIP,1116
2017,E14000656,Other,213
2017,E14000657,Labour,22958
2017,E14000657,Conservative,18306
2017,E14000657,UKIP,3246
2017,E14000657,Green,544
2017,E14000657,Lib Dem,465
2017,E14000657,Independent,239
2017,E14000657,Other,85
2017,E14000658,Labour,22681
2017,E14000658,Conservative,19401
2017,E14000658,UKIP,1180
2017,E14000658,Lib Dem,1031
2017,E14000658,Green,524
2017,E14000659,Conservative,31210
2017,E14000659,Labour,18024
2017,E14000659,UKIP,2544
2017,E14000659,Lib Dem,1428
2017,E14000659,Green,807
2017,E14000659,Independent,211
2017,E14000660,Conservative,35464
2017,E14000660,Labour,13730
2017,E14000660,Lib Dem,4015
2017,E14000660,UKIP,1497
2017,E14000660,Green,957
2017,E14000661,Labour,25161
2017,E14000661,Conservative,11084
2017,E14000661,UKIP,1798
2017,E14000661,Lib Dem,853
2017,E14000661,Green,486
2017,E14000661,Other,217
2017,E14000662,Labour,23622
2017,E14000662,Conservative,21607
2017,E14000662,Lib Dem,2262
2017,E14000662,UKIP,1181
2017,E14000663,Labour,26430
2017,E14000663,Conservative,15182
2017,E14000663,UKIP,2011
2017,E14000663,Lib Dem,1229
2017,E14000663,Green,454
2017,E14000664,Conservative,29744
2017,E14000664,Labour,15417
2017,E14000664,Lib Dem,3126
2017,E14000664,Green,1002
2017,E14000664,Independent,282
2017,E14000665,Conservative,31744
2017,E14000665,Labour,10608
2017,E14000665,Lib Dem,4706
2017,E14000665,UKIP,1706
2017,E14000665,Green,1606
2017,E14000665,Independent,223
2017,E14000666,Labour,28814
2017,E14000666,Conservative,25493
2017,E14000666,Lib Dem,1214
2017,E14000666,Green,1024
2017,E14000667,Labour,24351
2017,E14000667,Conservative,19182
2017,E14000667,Independent,1599
2017,E14000667,Lib Dem,856
2017,E14000668,Labour,24915
2017,E14000668,Conservative,14784
2017,E14000668,Independent,1346
2017,E14000668,Other,1006
2017,E14000668,Lib Dem,973
2017,E14000669,Labour,25711
2017,E14000669,Conservative,11687
2017,E14000669,UKIP,2738
2017,E14000669,Independent,741
2017,E14000669,Other,729
2017,E14000669,Lib Dem,706
2017,E14000670,Conservative,27211
2017,E14000670,Labour,20774
2017,E14000670,UKIP,1722
2017,E14000670,Lib Dem,1336
2017,E14000670,Green,923
2017,E14000671,Labour,18090
2017,E14000671,Conservative,18068
2017,E14000671,UKIP,2144
2017,E14000671,Lib Dem,368
2017,E14000671,Green,240
2017,E14000672,Conservative,21588
2017,E14000672,Labour,13858
2017,E14000672,UKIP,1791
2017,E14000672,Lib Dem,625
2017,E14000672,Green,382
2017,E14000673,Labour,39096
2017,E14000673,Conservative,10940
2017,E14000673,Lib Dem,4475
2017,E14000673,Green,1408
2017,E14000673,Independent,121
2017,E14000673,Other,103
2017,E14000674,Labour,33037
2017,E14000674,Conservative,19230
2017,E14000674,Lib Dem,3075
2017,E14000675,Labour,34635
2017,E14000675,Conservative,14942
2017,E14000675,Lib Dem,1275
2017,E14000675,UKIP,921
2017,E14000675,Green,743
2017,E14000676,Labour,31720
2017,E14000676,Conservative,9630
2017,E14000676,Lib Dem,1892
2017,E14000676,Green,1037
2017,E14000676,UKIP,504
2017,E14000676,Independent,362
2017,E14000677,Labour,23152
2017,E14000677,Conservative,8260
2017,E14000677,Other,2355
2017,E14000677,UKIP,1727
2017,E14000677,Lib Dem,460
2017,E14000677,Green,410
2017,E14000678,Conservative,29306
2017,E14000678,Independent,21270
2017,E14000678,Labour,6857
2017,E14000678,Lib Dem,1468
2017,E14000678,UKIP,1203
2017,E14000678,Other,278
2017,E14000679,Labour,47124
2017,E14000679,Conservative,7241
2017,E14000679,UKIP,697
2017,E14000679,Lib Dem,656
2017,E14000679,Green,474
2017,E14000679,Other,311
2017,E14000679,Independent,130
2017,E14000680,Conservative,35263
2017,E14000680,Labour,9411
2017,E14000680,Lib Dem,8403
2017,E14000680,Green,1760
2017,E14000680,Independent,571
2017,E14000681,Conservative,35310
2017,E14000681,Labour,11396
2017,E14000681,Lib Dem,6197
2017,E14000681,Independent,2973
2017,E14000681,UKIP,2227
2017,E14000681,Green,1100
2017,E14000682,Conservative,25988
2017,E14000682,Labour,20882
2017,E14000682,Lib Dem,2523
2017,E14000682,UKIP,1444
2017,E14000682,Green,1273
2017,E14000682,Other,575
2017,E14000682,Independent,432
2017,E14000683,Conservative,31442
2017,E14000683,Labour,16436
2017,E14000683,Lib Dem,2134
2017,E14000683,UKIP,1986
2017,E14000683,Other,1015
2017,E14000683,Green,943
2017,E14000684,Lib Dem,26924
2017,E14000684,Conservative,25315
2017,E14000684,Labour,4671
2017,E14000684,Green,510
2017,E14000685,Conservative,28889
2017,E14000685,Lib Dem,14710
2017,E14000685,Labour,11454
2017,E14000685,UKIP,1477
2017,E14000685,Green,750
2017,E14000686,Conservative,29192
2017,E14000686,Labour,17250
2017,E14000686,Lib Dem,2804
2017,E14000686,UKIP,1109
2017,E14000686,Green,785
2017,E14000686,Other,179
2017,E14000687,Labour,31221
2017,E14000687,Conservative,10106
2017,E14000687,UKIP,860
2017,E14000687,Lib Dem,858
2017,E14000687,Green,633
2017,E14000688,Labour,30137
2017,E14000688,Conservative,18747
2017,E14000688,Lib Dem,892
2017,E14000688,UKIP,821
2017,E14000688,Green,342
2017,E14000689,Conservative,32352
2017,E14000689,Labour,22547
2017,E14000689,Lib Dem,2606
2017,E14000689,Independent,1042
2017,E14000689,Green,995
2017,E14000690,Labour,25128
2017,E14000690,Conservative,18832
2017,E14000690,Lib Dem,1457
2017,E14000690,Other,738
2017,E14000691,Labour,28177
2017,E14000691,Conservative,17930
2017,E14000691,Lib Dem,1036
2017,E14000691,UKIP,848
2017,E14000691,Green,574
2017,E14000692,Labour,24989
2017,E14000692,Conservative,20634
2017,E14000692,Lib Dem,1925
2017,E14000692,Green,780
2017,E14000693,Conservative,31462
2017,E14000693,Labour,13219
2017,E14000693,Lib Dem,2884
2017,E14000693,UKIP,1871
2017,E14000693,Green,1233
2017,E14000693,Other,110
2017,E14000694,Conservative,35313
2017,E14000694,Labour,14838
2017,E14000694,Lib Dem,7401
2017,E14000694,Green,1714
2017,E14000695,Conservative,25939
2017,E14000695,Labour,21405
2017,E14000695,Lib Dem,1243
2017,E14000695,Green,675
2017,E14000695,Independent,519
2017,E14000696,Labour,25585
2017,E14000696,Conservative,15571
2017,E14000696,UKIP,1728
2017,E14000696,Lib Dem,750
2017,E14000696,Green,507
2017,E14000696,Other,243
2017,E14000696,Independent,80
2017,E14000697,Conservative,35071
2017,E14000697,Labour,11773
2017,E14000697,Lib Dem,10374
2017,E14000697,Green,1074
2017,E14000697,UKIP,1034
2017,E14000697,Other,318
2017,E14000697,Independent,198
2017,E14000698,Labour,34336
2017,E14000698,Conservative,18219
2017,E14000698,Lib Dem,1562
2017,E14000698,Green,1027
2017,E14000698,Independent,212
2017,E14000698,Other,67
2017,E14000699,Conservative,35915
2017,E14000699,Labour,14360
2017,E14000699,Lib Dem,3896
2017,E14000699,UKIP,1541
2017,E14000699,Green,1302
2017,E14000700,Conservative,30390
2017,E14000700,Labour,12977
2017,E14000700,Lib Dem,3249
2017,E14000700,UKIP,1702
2017,E14000700,Green,1431
2017,E14000701,Labour,32562
2017,E14000701,Conservative,16859
2017,E14000701,UKIP,1510
2017,E14000701,Lib Dem,1387
2017,E14000701,Green,809
2017,E14000702,Conservative,25331
2017,E14000702,Labour,21149
2017,E14000702,Lib Dem,3052
2017,E14000702,Green,1162
2017,E14000703,Conservative,24599
2017,E14000703,Labour,22942
2017,E14000703,Lib Dem,3463
2017,E14000703,Green,919
2017,E14000703,UKIP,462
2017,E14000704,Conservative,32197
2017,E14000704,Labour,16786
2017,E14000704,Lib Dem,4222
2017,E14000704,UKIP,2565
2017,E14000704,Green,2498
2017,E14000704,Independent,493
2017,E14000705,Conservative,28096
2017,E14000705,Labour,18594
2017,E14000705,Lib Dem,2029
2017,E14000705,Green,1241
2017,E14000705,UKIP,1237
2017,E14000705,Independent,570
2017,E14000706,Conservative,27334
2017,E14000706,Labour,15529
2017,E14000706,Lib Dem,2341
2017,E14000706,Green,1263
2017,E14000707,Conservative,31790
2017,E14000707,Labour,14767
2017,E14000707,Lib Dem,3630
2017,E14000707,Green,1238
2017,E14000708,Labour,41599
2017,E14000708,Conservative,9450
2017,E14000708,Lib Dem,1723
2017,E14000708,Green,750
2017,E14000709,Labour,27426
2017,E14000709,Conservative,10076
2017,E14000709,UKIP,2281
2017,E14000709,Lib Dem,1709
2017,E14000709,Green,611
2017,E14000710,Labour,26833
2017,E14000710,Conservative,22139
2017,E14000710,UKIP,1143
2017,E14000710,Lib Dem,1052
2017,E14000710,Green,515
2017,E14000711,Conservative,27091
2017,E14000711,Labour,17661
2017,E14000711,UKIP,2097
2017,E14000711,Lib Dem,1372
2017,E14000711,Green,520
2017,E14000711,Other,127
2017,E14000712,Conservative,27208
2017,E14000712,Labour,21688
2017,E14000712,Lib Dem,2716
2017,E14000712,UKIP,1495
2017,E14000712,Green,754
2017,E14000712,Independent,210
2017,E14000713,Conservative,30647
2017,E14000713,Labour,13436
2017,E14000713,Lib Dem,2328
2017,E14000713,UKIP,1790
2017,E14000713,Green,1024
2017,E14000713,Independent,256
2017,E14000714,Conservative,35090
2017,E14000714,Labour,14996
2017,E14000714,Lib Dem,3120
2017,E14000714,UKIP,1745
2017,E14000714,Independent,860
2017,E14000714,Green,782
2017,E14000715,Conservative,27237
2017,E14000715,Labour,17890
2017,E14000715,UKIP,1742
2017,E14000715,Lib Dem,1210
2017,E14000715,Green,723
2017,E14000715,Independent,195
2017,E14000716,Labour,17545
2017,E14000716,Conservative,14980
2017,E14000716,UKIP,1648
2017,E14000716,Lib Dem,954
2017,E14000716,Independent,394
2017,E14000717,Conservative,23901
2017,E14000717,Labour,15928
2017,E14000717,UKIP,2767
2017,E14000717,Lib Dem,987
2017,E14000717,Green,563
2017,E14000718,Labour,34215
2017,E14000718,Conservative,13501
2017,E14000718,Lib Dem,3785
2017,E14000718,Green,1605
2017,E14000719,Conservative,30295
2017,E14000719,Lib Dem,13255
2017,E14000719,Labour,10545
2017,E14000719,Green,1152
2017,E14000719,Other,205
2017,E14000719,Independent,57
2017,E14000720,Labour,42265
2017,E14000720,Conservative,7126
2017,E14000720,Lib Dem,3817
2017,E14000720,Green,2606
2017,E14000720,Other,281
2017,E14000720,Independent,203
2017,E14000721,Labour,43974
2017,E14000721,Conservative,6043
2017,E14000721,Lib Dem,3168
2017,E14000721,Green,1522
2017,E14000721,Other,504
2017,E14000721,Independent,143
2017,E14000722,Conservative,23012
2017,E14000722,Labour,17759
2017,E14000722,UKIP,2126
2017,E14000722,Lib Dem,859
2017,E14000722,Green,440
2017,E14000722,Independent,183
2017,E14000723,Labour,25507
2017,E14000723,Conservative,20131
2017,E14000723,UKIP,1568
2017,E14000723,Lib Dem,1070
2017,E14000724,Conservative,31355
2017,E14000724,Labour,15950
2017,E14000724,Lib Dem,2482
2017,E14000724,Independent,942
2017,E14000724,Green,711
2017,E14000725,Labour,36115
2017,E14000725,Conservative,10710
2017,E14000725,UKIP,1488
2017,E14000725,Lib Dem,896
2017,E14000725,Independent,309
2017,E14000726,Labour,33375
2017,E14000726,Conservative,14724
2017,E14000726,Lib Dem,2802
2017,E14000726,Green,800
2017,E14000726,UKIP,507
2017,E14000726,Independent,44
2017,E14000727,Labour,34464
2017,E14000727,Conservative,18904
2017,E14000727,Lib Dem,4100
2017,E14000727,Green,742
2017,E14000727,Independent,136
2017,E14000727,Other,61
2017,E14000728,Conservative,30135
2017,E14000728,Labour,17706
2017,E14000728,Lib Dem,7286
2017,E14000728,UKIP,1361
2017,E14000728,Green,1110
2017,E14000729,Conservative,24230
2017,E14000729,Labour,17199
2017,E14000729,UKIP,1787
2017,E14000729,Lib Dem,970
2017,E14000729,Green,660
2017,E14000730,Conservative,31477
2017,E14000730,Lib Dem,13309
2017,E14000730,Labour,11395
2017,E14000730,Independent,559
2017,E14000731,Conservative,25129
2017,E14000731,Labour,23372
2017,E14000731,Lib Dem,1573
2017,E14000731,Green,771
2017,E14000732,Labour,30640
2017,E14000732,Conservative,17326
2017,E14000732,Lib Dem,1267
2017,E14000732,Green,652
2017,E14000732,UKIP,470
2017,E14000733,Labour,21969
2017,E14000733,Conservative,14319
2017,E14000733,UKIP,4801
2017,E14000733,Lib Dem,746
2017,E14000734,Conservative,29921
2017,E14000734,Labour,15565
2017,E14000734,Lib Dem,2787
2017,E14000734,UKIP,1685
2017,E14000734,Green,1042
2017,E14000734,Other,141
2017,E14000735,Conservative,25668
2017,E14000735,Labour,25322
2017,E14000735,Lib Dem,1885
2017,E14000735,UKIP,1479
2017,E14000735,Independent,412
2017,E14000736,Conservative,27676
2017,E14000736,Labour,11720
2017,E14000736,Lib Dem,2801
2017,E14000736,UKIP,2011
2017,E14000736,Green,1122
2017,E14000736,Independent,984
2017,E14000737,Labour,31796
2017,E14000737,Conservative,13681
2017,E14000737,UKIP,1153
2017,E14000737,Lib Dem,601
2017,E14000737,Green,571
2017,E14000738,Conservative,20047
2017,E14000738,Lib Dem,14533
2017,E14000738,Labour,9036
2017,E14000738,Green,516
2017,E14000739,Conservative,28735
2017,E14000739,Labour,19290
2017,E14000739,Lib Dem,3233
2017,E14000739,Green,1024
2017,E14000740,Labour,25740
2017,E14000740,Conservative,15566
2017,E14000740,UKIP,2591
2017,E14000740,Independent,1135
2017,E14000740,Lib Dem,912
2017,E14000741,Conservative,25078
2017,E14000741,Labour,24006
2017,E14000741,Lib Dem,1985
2017,E14000741,Green,578
2017,E14000741,UKIP,568
2017,E14000742,Conservative,33749
2017,E14000742,Labour,11455
2017,E14000742,Lib Dem,8485
2017,E14000742,Green,1864
2017,E14000742,UKIP,1154
2017,E14000742,Other,392
2017,E14000743,Conservative,27004
2017,E14000743,Labour,11991
2017,E14000743,Independent,5560
2017,E14000743,Lib Dem,3556
2017,E14000743,Green,1220
2017,E14000743,UKIP,1153
2017,E14000744,Conservative,36184
2017,E14000744,Labour,17149
2017,E14000744,Lib Dem,4845
2017,E14000744,Green,1814
2017,E14000745,Conservative,31928
2017,E14000745,Labour,14977
2017,E14000745,Lib Dem,2794
2017,E14000745,UKIP,1564
2017,E14000745,Green,990
2017,E14000746,Conservative,24996
2017,E14000746,Labour,15760
2017,E14000746,Lib Dem,3285
2017,E14000746,Green,1253
2017,E14000746,UKIP,930
2017,E14000747,Labour,26578
2017,E14000747,Conservative,18961
2017,E14000747,UKIP,3239
2017,E14000747,Lib Dem,1087
2017,E14000748,Labour,26753
2017,E14000748,Conservative,24431
2017,E14000748,Lib Dem,2669
2017,E14000749,Conservative,31189
2017,E14000749,Labour,19158
2017,E14000749,Lib Dem,6236
2017,E14000749,Green,1329
2017,E14000749,Independent,692
2017,E14000749,Other,242
2017,E14000750,Labour,41343
2017,E14000750,Conservative,10834
2017,E14000750,Lib Dem,4020
2017,E14000750,Green,1980
2017,E14000750,UKIP,727
2017,E14000750,Other,93
2017,E14000751,Conservative,33750
2017,E14000751,Labour,16027
2017,E14000751,UKIP,3502
2017,E14000751,Lib Dem,1371
2017,E14000751,Green,1077
2017,E14000751,Other,380
2017,E14000752,Labour,40738
2017,E14000752,Lib Dem,10000
2017,E14000752,Conservative,9246
2017,E14000752,Green,1181
2017,E14000752,Other,699
2017,E14000752,UKIP,429
2017,E14000753,Conservative,36906
2017,E14000753,Labour,13422
2017,E14000753,Lib Dem,7644
2017,E14000753,Green,1844
2017,E14000753,UKIP,1533
2017,E14000753,Other,638
2017,E14000754,Labour,24765
2017,E14000754,Conservative,12324
2017,E14000754,UKIP,2379
2017,E14000754,Lib Dem,908
2017,E14000754,Green,725
2017,E14000754,Independent,479
2017,E14000755,Labour,36942
2017,E14000755,Conservative,18185
2017,E14000755,Lib Dem,1311
2017,E14000755,Green,971
2017,E14000755,Independent,187
2017,E14000756,Labour,26470
2017,E14000756,Conservative,14465
2017,E14000756,Green,1395
2017,E14000756,Lib Dem,1155
2017,E14000756,Independent,274
2017,E14000756,Other,75
2017,E14000757,Conservative,32915
2017,E14000757,Labour,18440
2017,E14000757,Lib Dem,5090
2017,E14000757,UKIP,2180
2017,E14000757,Green,1095
2017,E14000758,Labour,24120
2017,E14000758,Conservative,18305
2017,E14000758,UKIP,1953
2017,E14000758,Lib Dem,824
2017,E14000759,Labour,30589
2017,E14000759,Conservative,20950
2017,E14000759,Lib Dem,1034
2017,E14000759,Independent,368
2017,E14000760,Labour,43724
2017,E14000760,Conservative,12077
2017,E14000760,Lib Dem,772
2017,E14000760,Green,542
2017,E14000760,UKIP,477
2017,E14000760,Other,65
2017,E14000761,Labour,24224
2017,E14000761,Conservative,23393
2017,E14000761,UKIP,1372
2017,E14000761,Lib Dem,1187
2017,E14000761,Green,840
2017,E14000762,Conservative,38190
2017,E14000762,Labour,17121
2017,E14000762,Green,12915
2017,E14000762,Lib Dem,2740
2017,E14000762,UKIP,1921
2017,E14000762,Independent,1592
2017,E14000763,Labour,40086
2017,E14000763,Conservative,6871
2017,E14000763,Lib Dem,4946
2017,E14000763,Green,2229
2017,E14000763,Other,642
2017,E14000763,UKIP,413
2017,E14000763,Independent,41
2017,E14000764,Labour,30188
2017,E14000764,Conservative,9925
2017,E14000764,Lib Dem,5809
2017,E14000764,Green,1198
2017,E14000764,UKIP,929
2017,E14000765,Labour,28020
2017,E14000765,Conservative,10757
2017,E14000765,UKIP,2338
2017,E14000765,Lib Dem,1163
2017,E14000765,Green,745
2017,E14000766,Labour,24066
2017,E14000766,Conservative,23817
2017,E14000766,UKIP,1291
2017,E14000766,Lib Dem,1226
2017,E14000766,Green,790
2017,E14000766,Independent,534
2017,E14000767,Conservative,31207
2017,E14000767,Labour,13121
2017,E14000767,Lib Dem,4921
2017,E14000767,Green,1133
2017,E14000767,UKIP,929
2017,E14000768,Labour,16333
2017,E14000768,Conservative,16313
2017,E14000768,Lib Dem,4724
2017,E14000768,Green,767
2017,E14000768,Independent,393
2017,E14000768,Other,147
2017,E14000769,Conservative,28616
2017,E14000769,Labour,18054
2017,E14000769,Lib Dem,1618
2017,E14000769,Green,1116
2017,E14000770,Lib Dem,27810
2017,E14000770,Conservative,23686
2017,E14000770,Labour,9203
2017,E14000770,UKIP,675
2017,E14000770,Green,536
2017,E14000770,Other,168
2017,E14000770,Independent,100
2017,E14000771,Labour,21355
2017,E14000771,Conservative,10959
2017,E14000771,UKIP,2573
2017,E14000771,Lib Dem,1258
2017,E14000771,Green,493
2017,E14000772,Labour,23625
2017,E14000772,Conservative,9363
2017,E14000772,Lib Dem,1869
2017,E14000772,UKIP,1601
2017,E14000772,Green,644
2017,E14000773,Labour,18342
2017,E14000773,Conservative,10317
2017,E14000773,Lib Dem,2210
2017,E14000773,Independent,1898
2017,E14000773,UKIP,1399
2017,E14000773,Green,332
2017,E14000773,Other,67
2017,E14000774,Conservative,26754
2017,E14000774,Labour,19254
2017,E14000774,Lib Dem,1749
2017,E14000774,Green,984
2017,E14000775,Labour,47351
2017,E14000775,Conservative,5137
2017,E14000775,UKIP,1285
2017,E14000775,Lib Dem,1189
2017,E14000775,Green,521
2017,E14000776,Labour,25342
2017,E14000776,Conservative,18681
2017,E14000776,Lib Dem,1170
2017,E14000776,Green,796
2017,E14000777,Labour,33453
2017,E14000777,Conservative,9755
2017,E14000777,UKIP,2056
2017,E14000777,Green,1189
2017,E14000777,Lib Dem,1063
2017,E14000777,Independent,157
2017,E14000778,Labour,25428
2017,E14000778,Conservative,12676
2017,E14000778,UKIP,1742
2017,E14000778,Lib Dem,739
2017,E14000778,Green,434
2017,E14000778,Independent,422
2017,E14000779,Labour,33436
2017,E14000779,Conservative,16445
2017,E14000779,Lib Dem,1952
2017,E14000779,Green,680
2017,E14000779,Independent,303
2017,E14000779,Other,183
2017,E14000780,Labour,20416
2017,E14000780,Lib Dem,16192
2017,E14000780,Conservative,9097
2017,E14000780,Green,582
2017,E14000781,Labour,27013
2017,E14000781,Conservative,11048
2017,E14000781,UKIP,1815
2017,E14000781,Green,1023
2017,E14000781,Lib Dem,905
2017,E14000781,Independent,378
2017,E14000781,Other,47
2017,E14000782,Labour,35116
2017,E14000782,Conservative,12688
2017,E14000782,Independent,1753
2017,E14000782,Lib Dem,1343
2017,E14000782,Green,1070
2017,E14000782,Other,454
2017,E14000783,Labour,37157
2017,E14000783,Conservative,10896
2017,E14000783,Lib Dem,1287
2017,E14000783,Green,1177
2017,E14000784,Labour,22823
2017,E14000784,Conservative,11763
2017,E14000784,UKIP,1406
2017,E14000784,Lib Dem,792
2017,E14000784,Green,607
2017,E14000784,Independent,121
2017,E14000785,Labour,26347
2017,E14000785,Conservative,16793
2017,E14000785,UKIP,2783
2017,E14000785,Lib Dem,951
2017,E14000786,Conservative,26820
2017,E14000786,Lib Dem,21312
2017,E14000786,Labour,6060
2017,E14000787,Labour,32072
2017,E14000787,Conservative,10859
2017,E14000787,Lib Dem,2086
2017,E14000787,Green,803
2017,E14000787,UKIP,798
2017,E14000787,Independent,355
2017,E14000787,Other,228
2017,E14000788,Labour,35411
2017,E14000788,Conservative,12249
2017,E14000788,Lib Dem,3317
2017,E14000788,Green,1144
2017,E14000788,UKIP,700
2017,E14000788,Other,375
2017,E14000789,Labour,42461
2017,E14000789,Conservative,7562
2017,E14000789,Lib Dem,2911
2017,E14000789,Green,1640
2017,E14000789,Other,538
2017,E14000790,Labour,32234
2017,E14000790,Conservative,9627
2017,E14000790,Lib Dem,2961
2017,E14000790,Green,1351
2017,E14000791,Conservative,34018
2017,E14000791,Labour,15437
2017,E14000791,Lib Dem,2653
2017,E14000791,Green,1416
2017,E14000792,Labour,23333
2017,E14000792,Conservative,21795
2017,E14000792,UKIP,1287
2017,E14000792,Lib Dem,1284
2017,E14000792,Green,583
2017,E14000792,Independent,312
2017,E14000793,Labour,40599
2017,E14000793,Conservative,4652
2017,E14000793,Green,1582
2017,E14000793,Lib Dem,1187
2017,E14000794,Labour,36175
2017,E14000794,Conservative,3624
2017,E14000794,Independent,1237
2017,E14000794,Lib Dem,638
2017,E14000794,Green,523
2017,E14000795,Labour,34717
2017,E14000795,Conservative,5251
2017,E14000795,Lib Dem,2858
2017,E14000795,Green,598
2017,E14000795,Independent,216
2017,E14000796,Labour,37371
2017,E14000796,Conservative,4463
2017,E14000796,Other,2150
2017,E14000796,Lib Dem,545
2017,E14000796,Green,329
2017,E14000797,Conservative,27022
2017,E14000797,Labour,22753
2017,E14000797,Lib Dem,1937
2017,E14000797,UKIP,1465
2017,E14000797,Green,971
2017,E14000798,Conservative,33733
2017,E14000798,Labour,14092
2017,E14000798,UKIP,2460
2017,E14000798,Lib Dem,1990
2017,E14000798,Other,496
2017,E14000799,Conservative,31433
2017,E14000799,Labour,12147
2017,E14000799,Lib Dem,5336
2017,E14000799,Green,1054
2017,E14000800,Labour,29765
2017,E14000800,Conservative,15401
2017,E14000800,Lib Dem,808
2017,E14000800,Green,648
2017,E14000801,Labour,28804
2017,E14000801,Conservative,14879
2017,E14000801,Lib Dem,1056
2017,E14000801,UKIP,795
2017,E14000801,Green,439
2017,E14000801,Independent,160
2017,E14000802,Conservative,28595
2017,E14000802,Labour,19987
2017,E14000802,Lib Dem,3350
2017,E14000802,Green,1213
2017,E14000802,Independent,1162
2017,E14000803,Conservative,37718
2017,E14000803,Labour,11261
2017,E14000803,Lib Dem,6540
2017,E14000803,Green,907
2017,E14000803,UKIP,871
2017,E14000803,Other,693
2017,E14000803,Independent,249
2017,E14000804,Conservative,29136
2017,E14000804,Labour,11432
2017,E14000804,Lib Dem,8455
2017,E14000804,UKIP,1613
2017,E14000804,Green,888
2017,E14000804,Independent,172
2017,E14000805,Labour,28245
2017,E14000805,Conservative,14703
2017,E14000805,Other,2663
2017,E14000805,Lib Dem,1322
2017,E14000806,Conservative,34111
2017,E14000806,Labour,10681
2017,E14000806,Lib Dem,2181
2017,E14000806,UKIP,1899
2017,E14000806,Green,1073
2017,E14000806,Other,257
2017,E14000807,Labour,38490
2017,E14000807,Conservative,7045
2017,E14000807,Lib Dem,1678
2017,E14000807,UKIP,1469
2017,E14000807,Green,846
2017,E14000807,Other,192
2017,E14000808,Labour,35085
2017,E14000808,Conservative,3355
2017,E14000808,Independent,2615
2017,E14000808,Lib Dem,2597
2017,E14000808,Green,1038
2017,E14000808,UKIP,952
2017,E14000808,Other,311
2017,E14000809,Labour,38424
2017,E14000809,Lib Dem,8549
2017,E14000809,Conservative,5530
2017,E14000809,Green,865
2017,E14000809,Other,234
2017,E14000810,Conservative,23392
2017,E14000810,Labour,22335
2017,E14000810,UKIP,2654
2017,E14000810,Independent,1079
2017,E14000810,Lib Dem,697
2017,E14000811,Conservative,35624
2017,E14000811,Labour,9932
2017,E14000811,Lib Dem,5900
2017,E14000811,UKIP,1435
2017,E14000811,Green,1301
2017,E14000812,Conservative,33873
2017,E14000812,Labour,14675
2017,E14000812,Lib Dem,2663
2017,E14000812,UKIP,2016
2017,E14000812,Green,1416
2017,E14000813,Conservative,38936
2017,E14000813,Labour,17953
2017,E14000813,Lib Dem,3798
2017,E14000813,Green,1794
2017,E14000813,Other,667
2017,E14000814,Conservative,29513
2017,E14000814,Labour,17897
2017,E14000814,Lib Dem,1793
2017,E14000814,Green,1168
2017,E14000815,Conservative,28585
2017,E14000815,Lib Dem,13246
2017,E14000815,Labour,6423
2017,E14000816,Conservative,32828
2017,E14000816,Labour,16742
2017,E14000816,Lib Dem,2848
2017,E14000816,UKIP,2092
2017,E14000816,Green,1158
2017,E14000817,Conservative,35082
2017,E14000817,Labour,15409
2017,E14000817,Lib Dem,7855
2017,E14000817,Green,1571
2017,E14000817,UKIP,1251
2017,E14000817,Other,464
2017,E14000818,Conservative,35967
2017,E14000818,Labour,12641
2017,E14000818,Lib Dem,3450
2017,E14000818,UKIP,1660
2017,E14000818,Green,1371
2017,E14000819,Labour,23404
2017,E14000819,Conservative,9531
2017,E14000819,UKIP,1452
2017,E14000819,Independent,632
2017,E14000819,Lib Dem,368
2017,E14000819,Green,250
2017,E14000820,Conservative,23643
2017,E14000820,Labour,22623
2017,E14000820,Lib Dem,1354
2017,E14000821,Conservative,30307
2017,E14000821,Labour,28392
2017,E14000821,Lib Dem,2499
2017,E14000821,UKIP,1390
2017,E14000821,Green,1107
2017,E14000821,Other,169
2017,E14000822,Conservative,30652
2017,E14000822,Labour,28927
2017,E14000822,Lib Dem,1895
2017,E14000822,UKIP,1833
2017,E14000822,Green,1179
2017,E14000823,Labour,33039
2017,E14000823,Conservative,11664
2017,E14000823,Lib Dem,1494
2017,E14000823,UKIP,1054
2017,E14000823,Green,644
2017,E14000823,Other,223
2017,E14000824,Conservative,35092
2017,E14000824,Lib Dem,10955
2017,E14000824,Labour,7864
2017,E14000824,Green,1463
2017,E14000824,UKIP,1352
2017,E14000825,Conservative,21773
2017,E14000825,Labour,20374
2017,E14000825,Lib Dem,1699
2017,E14000825,UKIP,1333
2017,E14000825,Green,478
2017,E14000826,Conservative,26550
2017,E14000826,Labour,24446
2017,E14000826,Lib Dem,1361
2017,E14000827,Conservative,32162
2017,E14000827,Labour,10167
2017,E14000827,Lib Dem,7786
2017,E14000827,Green,1251
2017,E14000828,Conservative,33170
2017,E14000828,Labour,9739
2017,E14000828,Lib Dem,4781
2017,E14000828,Green,1454
2017,E14000828,Other,483
2017,E14000829,Conservative,34493
2017,E14000829,Labour,16344
2017,E14000829,Lib Dem,2786
2017,E14000829,UKIP,1419
2017,E14000830,Conservative,37399
2017,E14000830,Lib Dem,13019
2017,E14000830,Labour,8596
2017,E14000830,Green,1531
2017,E14000830,Other,304
2017,E14000831,Labour,24071
2017,E14000831,Conservative,9134
2017,E14000831,Lib Dem,1812
2017,E14000831,UKIP,1482
2017,E14000831,Green,595
2017,E14000832,Labour,28127
2017,E14000832,Conservative,8866
2017,E14000832,Lib Dem,2574
2017,E14000832,UKIP,1315
2017,E14000832,Green,755
2017,E14000833,Labour,26729
2017,E14000833,Conservative,16380
2017,E14000833,Lib Dem,2533
2017,E14000833,UKIP,1780
2017,E14000833,Green,513
2017,E14000833,Other,353
2017,E14000834,Labour,21124
2017,E14000834,Conservative,21094
2017,E14000834,Lib Dem,1624
2017,E14000835,Conservative,28635
2017,E14000835,Labour,11475
2017,E14000835,Lib Dem,10601
2017,E14000835,Green,926
2017,E14000836,Labour,29268
2017,E14000836,Conservative,14769
2017,E14000836,UKIP,3030
2017,E14000836,Independent,1431
2017,E14000836,Lib Dem,693
2017,E14000837,Conservative,25835
2017,E14000837,Lib Dem,18635
2017,E14000837,Labour,6151
2017,E14000837,Other,323
2017,E14000838,Conservative,25517
2017,E14000838,Lib Dem,21185
2017,E14000838,Labour,7063
2017,E14000838,UKIP,1187
2017,E14000838,Green,753
2017,E14000839,Conservative,36169
2017,E14000839,Labour,10392
2017,E14000839,Lib Dem,7556
2017,E14000839,Green,1607
2017,E14000840,Labour,25917
2017,E14000840,Conservative,12978
2017,E14000840,UKIP,2408
2017,E14000840,Lib Dem,1981
2017,E14000841,Conservative,39139
2017,E14000841,Labour,18277
2017,E14000841,Lib Dem,3693
2017,E14000841,UKIP,1896
2017,E14000841,Green,1215
2017,E14000842,Conservative,34340
2017,E14000842,Labour,13070
2017,E14000842,Lib Dem,2383
2017,E14000842,UKIP,2174
2017,E14000842,Green,1024
2017,E14000842,Other,293
2017,E14000843,Conservative,24784
2017,E14000843,Labour,21923
2017,E14000843,UKIP,1565
2017,E14000843,Lib Dem,1390
2017,E14000843,Green,719
2017,E14000844,Conservative,37754
2017,E14000844,Labour,9982
2017,E14000844,Lib Dem,6987
2017,E14000844,Green,1476
2017,E14000844,UKIP,1061
2017,E14000844,Independent,367
2017,E14000845,Conservative,32587
2017,E14000845,Labour,15752
2017,E14000845,Lib Dem,4276
2017,E14000845,Green,2965
2017,E14000846,Conservative,28992
2017,E14000846,Labour,18757
2017,E14000846,Lib Dem,4461
2017,E14000846,Green,1245
2017,E14000846,Independent,588
2017,E14000847,Conservative,31097
2017,E14000847,Labour,9495
2017,E14000847,Lib Dem,5874
2017,E14000847,Green,2771
2017,E14000847,Independent,577
2017,E14000847,Other,363
2017,E14000848,Lib Dem,25260
2017,E14000848,Conservative,21748
2017,E14000848,Labour,5180
2017,E14000849,Conservative,33642
2017,E14000849,Labour,17287
2017,E14000849,Lib Dem,2948
2017,E14000849,Green,1722
2017,E14000850,Conservative,33605
2017,E14000850,Labour,16502
2017,E14000850,Lib Dem,5982
2017,E14000850,Independent,3929
2017,E14000850,Green,1976
2017,E14000851,Conservative,29431
2017,E14000851,Labour,21096
2017,E14000851,Lib Dem,1962
2017,E14000851,UKIP,1564
2017,E14000851,Green,858
2017,E14000852,Conservative,27163
2017,E14000852,Labour,16425
2017,E14000852,UKIP,2198
2017,E14000852,Lib Dem,1586
2017,E14000852,Green,825
2017,E14000852,Other,128
2017,E14000853,Labour,33456
2017,E14000853,Conservative,14172
2017,E14000853,UKIP,2101
2017,E14000853,Lib Dem,1494
2017,E14000853,Green,669
2017,E14000854,Conservative,26860
2017,E14000854,Labour,18350
2017,E14000854,Lib Dem,1028
2017,E14000854,Green,940
2017,E14000855,Conservative,37529
2017,E14000855,Labour,19521
2017,E14000855,Lib Dem,3168
2017,E14000855,UKIP,2518
2017,E14000855,Green,1255
2017,E14000856,Labour,25308
2017,E14000856,Conservative,16516
2017,E14000856,Lib Dem,3398
2017,E14000856,UKIP,2150
2017,E14000856,Green,530
2017,E14000857,Conservative,36471
2017,E14000857,Labour,13792
2017,E14000857,Lib Dem,5708
2017,E14000857,UKIP,1467
2017,E14000857,Green,1334
2017,E14000858,Conservative,31153
2017,E14000858,Labour,17867
2017,E14000858,Lib Dem,3420
2017,E14000858,Green,1101
2017,E14000859,Conservative,29408
2017,E14000859,Labour,15620
2017,E14000859,UKIP,1539
2017,E14000859,Lib Dem,1393
2017,E14000859,Green,851
2017,E14000860,Conservative,32398
2017,E14000860,Lib Dem,9521
2017,E14000860,Labour,9399
2017,E14000860,UKIP,871
2017,E14000861,Conservative,19065
2017,E14000861,Labour,18258
2017,E14000861,UKIP,1404
2017,E14000861,Lib Dem,1015
2017,E14000861,Green,636
2017,E14000862,Conservative,19231
2017,E14000862,Labour,18072
2017,E14000862,UKIP,1630
2017,E14000862,Lib Dem,1405
2017,E14000862,Green,696
2017,E14000863,Conservative,21900
2017,E14000863,Labour,21393
2017,E14000863,Lib Dem,1480
2017,E14000863,Green,782
2017,E14000863,Other,340
2017,E14000864,Labour,31311
2017,E14000864,Conservative,15715
2017,E14000864,Lib Dem,2841
2017,E14000864,Green,1492
2017,E14000865,Labour,28102
2017,E14000865,Conservative,8512
2017,E14000865,Lib Dem,1003
2017,E14000865,UKIP,817
2017,E14000865,Green,698
2017,E14000865,Other,195
2017,E14000866,Labour,23067
2017,E14000866,Conservative,11907
2017,E14000866,UKIP,2133
2017,E14000866,Lib Dem,674
2017,E14000866,Green,538
2017,E14000867,Labour,30013
2017,E14000867,Conservative,14851
2017,E14000867,Lib Dem,1564
2017,E14000867,UKIP,1103
2017,E14000867,Green,598
2017,E14000868,Conservative,23755
2017,E14000868,Labour,19016
2017,E14000868,UKIP,1619
2017,E14000868,Lib Dem,914
2017,E14000868,Green,763
2017,E14000869,Conservative,29545
2017,E14000869,Labour,14079
2017,E14000869,UKIP,1619
2017,E14000869,Lib Dem,1572
2017,E14000869,Green,820
2017,E14000869,Other,407
2017,E14000870,Labour,25629
2017,E14000870,Conservative,17447
2017,E14000870,UKIP,2278
2017,E14000870,Lib Dem,1683
2017,E14000871,Labour,29846
2017,E14000871,Conservative,12648
2017,E14000871,UKIP,1899
2017,E14000871,Lib Dem,956
2017,E14000872,Conservative,31762
2017,E14000872,Labour,12309
2017,E14000872,Lib Dem,3315
2017,E14000872,UKIP,2023
2017,E14000872,Green,1060
2017,E14000873,Labour,35118
2017,E14000873,Conservative,11834
2017,E14000873,Lib Dem,4904
2017,E14000873,Green,1785
2017,E14000873,Independent,255
2017,E14000874,Lib Dem,26256
2017,E14000874,Conservative,25440
2017,E14000874,Labour,7573
2017,E14000874,UKIP,751
2017,E14000875,Conservative,21986
2017,E14000875,Labour,20707
2017,E14000875,Lib Dem,941
2017,E14000875,Other,718
2017,E14000875,Green,502
2017,E14000876,Labour,22807
2017,E14000876,Conservative,21485
2017,E14000876,UKIP,3453
2017,E14000876,Lib Dem,2042
2017,E14000877,Conservative,28078
2017,E14000877,Labour,12168
2017,E14000877,Lib Dem,3641
2017,E14000877,UKIP,1142
2017,E14000877,Green,1029
2017,E14000877,Independent,412
2017,E14000878,Labour,22950
2017,E14000878,Conservative,22343
2017,E14000878,Lib Dem,1597
2017,E14000878,Green,848
2017,E14000879,Conservative,23567
2017,E14000879,Labour,18548
2017,E14000879,UKIP,1849
2017,E14000879,Lib Dem,917
2017,E14000879,Green,536
2017,E14000880,Labour,23808
2017,E14000880,Conservative,17806
2017,E14000880,UKIP,1148
2017,E14000880,Lib Dem,1106
2017,E14000880,Independent,540
2017,E14000880,Green,213
2017,E14000881,Conservative,28888
2017,E14000881,Labour,14679
2017,E14000881,Lib Dem,4433
2017,E14000881,Green,1299
2017,E14000881,Other,551
2017,E14000882,Labour,39958
2017,E14000882,Conservative,11846
2017,E14000882,Lib Dem,3959
2017,E14000882,Independent,1603
2017,E14000882,Green,989
2017,E14000882,UKIP,849
2017,E14000883,Conservative,25860
2017,E14000883,Labour,15895
2017,E14000883,Lib Dem,2608
2017,E14000883,UKIP,1926
2017,E14000883,Green,791
2017,E14000883,Other,130
2017,E14000884,Labour,18290
2017,E14000884,Conservative,16736
2017,E14000884,Lib Dem,7699
2017,E14000884,UKIP,1129
2017,E14000884,Green,712
2017,E14000885,Labour,24210
2017,E14000885,Conservative,8487
2017,E14000885,Lib Dem,1348
2017,E14000885,UKIP,1348
2017,E14000885,Green,348
2017,E14000886,Conservative,25550
2017,E14000886,Labour,25219
2017,E14000886,Lib Dem,1761
2017,E14000886,Other,1138
2017,E14000886,Independent,291
2017,E14000887,Conservative,20679
2017,E14000887,Labour,19125
2017,E14000887,Lib Dem,5448
2017,E14000887,Green,1107
2017,E14000887,UKIP,477
2017,E14000887,Independent,58
2017,E14000888,Conservative,36914
2017,E14000888,Labour,13464
2017,E14000888,UKIP,2326
2017,E14000888,Lib Dem,1557
2017,E14000888,Green,1062
2017,E14000889,Labour,27093
2017,E14000889,Conservative,23344
2017,E14000889,Lib Dem,3378
2017,E14000889,Green,1093
2017,E14000889,Independent,188
2017,E14000889,Other,142
2017,E14000890,Conservative,25311
2017,E14000890,Labour,22435
2017,E14000890,Lib Dem,3041
2017,E14000890,Green,979
2017,E14000891,Labour,23623
2017,E14000891,Conservative,14138
2017,E14000891,Lib Dem,2849
2017,E14000891,UKIP,1950
2017,E14000892,Conservative,23652
2017,E14000892,Labour,16289
2017,E14000892,Other,2248
2017,E14000892,UKIP,1371
2017,E14000892,Lib Dem,1173
2017,E14000892,Green,380
2017,E14000893,Conservative,30896
2017,E14000893,Labour,13282
2017,E14000893,Lib Dem,5889
2017,E14000893,Green,2214
2017,E14000893,UKIP,1542
2017,E14000894,Conservative,31919
2017,E14000894,Labour,18720
2017,E14000894,Lib Dem,3247
2017,E14000894,Green,1314
2017,E14000895,Conservative,36458
2017,E14000895,Labour,13350
2017,E14000895,Lib Dem,3360
2017,E14000895,Independent,2106
2017,E14000895,Green,1739
2017,E14000896,Conservative,28588
2017,E14000896,Lib Dem,28543
2017,E14000896,Labour,5773
2017,E14000896,UKIP,426
2017,E14000897,Labour,29035
2017,E14000897,Conservative,14216
2017,E14000897,Lib Dem,4027
2017,E14000897,UKIP,1641
2017,E14000897,Independent,883
2017,E14000897,Other,242
2017,E14000898,Conservative,29232
2017,E14000898,Labour,19382
2017,E14000898,UKIP,1893
2017,E14000898,Lib Dem,1189
2017,E14000898,Green,781
2017,E14000898,Other,163
2017,E14000898,Independent,129
2017,E14000899,Conservative,23013
2017,E14000899,Labour,17465
2017,E14000899,Independent,2924
2017,E14000899,UKIP,1777
2017,E14000899,Lib Dem,1265
2017,E14000899,Green,804
2017,E14000900,Conservative,29671
2017,E14000900,Labour,15893
2017,E14000900,UKIP,2350
2017,E14000900,Lib Dem,1215
2017,E14000900,Green,815
2017,E14000901,Conservative,28668
2017,E14000901,Lib Dem,10662
2017,E14000901,Labour,9614
2017,E14000901,Green,953
2017,E14000901,Other,271
2017,E14000902,Conservative,25499
2017,E14000902,Labour,22283
2017,E14000902,Lib Dem,1550
2017,E14000902,Green,824
2017,E14000903,Labour,23821
2017,E14000903,Conservative,19939
2017,E14000903,UKIP,3704
2017,E14000903,Lib Dem,1155
2017,E14000903,Green,869
2017,E14000904,Labour,21404
2017,E14000904,Conservative,10017
2017,E14000904,UKIP,3316
2017,E14000904,Lib Dem,1754
2017,E14000904,Independent,1432
2017,E14000905,Conservative,27872
2017,E14000905,Labour,19660
2017,E14000905,Lib Dem,2851
2017,E14000905,Green,953
2017,E14000906,Conservative,30555
2017,E14000906,Labour,16575
2017,E14000906,Lib Dem,3813
2017,E14000906,Green,1286
2017,E14000906,UKIP,1171
2017,E14000907,Conservative,31436
2017,E14000907,Labour,13386
2017,E14000907,Lib Dem,3765
2017,E14000907,UKIP,1675
2017,E14000907,Green,1347
2017,E14000908,Conservative,30223
2017,E14000908,Labour,22213
2017,E14000908,Lib Dem,2759
2017,E14000908,Green,1626
2017,E14000908,UKIP,1490
2017,E14000909,Conservative,36169
2017,E14000909,Labour,13065
2017,E14000909,Lib Dem,4711
2017,E14000909,UKIP,1869
2017,E14000909,Green,1755
2017,E14000910,Conservative,37629
2017,E14000910,Labour,12663
2017,E14000910,Lib Dem,8528
2017,E14000910,UKIP,2091
2017,E14000911,Labour,31168
2017,E14000911,Conservative,12036
2017,E14000911,UKIP,2320
2017,E14000911,Lib Dem,1286
2017,E14000911,Green,809
2017,E14000912,Conservative,30952
2017,E14000912,Labour,13619
2017,E14000912,Lib Dem,5982
2017,E14000912,UKIP,1191
2017,E14000912,Green,1152
2017,E14000912,Independent,415
2017,E14000913,Conservative,24401
2017,E14000913,Labour,20966
2017,E14000913,UKIP,1682
2017,E14000913,Lib Dem,1354
2017,E14000913,Green,915
2017,E14000913,Independent,680
2017,E14000913,Other,451
2017,E14000914,Labour,20916
2017,E14000914,Conservative,17485
2017,E14000914,UKIP,1247
2017,E14000914,Lib Dem,554
2017,E14000915,Labour,22202
2017,E14000915,Conservative,16143
2017,E14000915,UKIP,1763
2017,E14000915,Lib Dem,797
2017,E14000915,Green,686
2017,E14000916,Labour,32830
2017,E14000916,Conservative,17212
2017,E14000916,Lib Dem,1381
2017,E14000916,Green,656
2017,E14000917,Conservative,32921
2017,E14000917,Labour,19149
2017,E14000917,Lib Dem,2293
2017,E14000917,UKIP,1713
2017,E14000918,Conservative,32644
2017,E14000918,Labour,10727
2017,E14000918,Lib Dem,4280
2017,E14000918,UKIP,1894
2017,E14000918,Green,1673
2017,E14000919,Labour,33963
2017,E14000919,Conservative,6215
2017,E14000919,Green,3848
2017,E14000919,Lib Dem,2465
2017,E14000919,UKIP,1060
2017,E14000919,Other,326
2017,E14000920,Labour,25520
2017,E14000920,Conservative,13722
2017,E14000920,UKIP,2820
2017,E14000920,Lib Dem,1432
2017,E14000920,Other,102
2017,E14000921,Labour,28193
2017,E14000921,Conservative,9050
2017,E14000921,UKIP,2645
2017,E14000921,Lib Dem,1061
2017,E14000921,Green,737
2017,E14000921,Other,184
2017,E14000922,Labour,21881
2017,E14000922,Lib Dem,19706
2017,E14000922,Conservative,13561
2017,E14000922,UKIP,929
2017,E14000922,Green,823
2017,E14000922,Independent,70
2017,E14000923,Labour,26524
2017,E14000923,Conservative,12696
2017,E14000923,Lib Dem,2022
2017,E14000923,UKIP,1977
2017,E14000923,Green,943
2017,E14000923,Other,64
2017,E14000924,Conservative,27492
2017,E14000924,Labour,22294
2017,E14000924,UKIP,1801
2017,E14000924,Lib Dem,1113
2017,E14000924,Green,664
2017,E14000925,Conservative,27417
2017,E14000925,Labour,22736
2017,E14000925,Lib Dem,2202
2017,E14000925,Other,1040
2017,E14000926,Conservative,29073
2017,E14000926,Labour,22446
2017,E14000926,Lib Dem,4254
2017,E14000926,UKIP,1363
2017,E14000926,Green,1067
2017,E14000927,Conservative,30911
2017,E14000927,Labour,15700
2017,E14000927,Independent,2133
2017,E14000927,Lib Dem,1392
2017,E14000927,Other,695
2017,E14000927,Green,558
2017,E14000928,Conservative,36425
2017,E14000928,Labour,16440
2017,E14000928,Green,3734
2017,E14000928,Independent,1539
2017,E14000929,Conservative,42245
2017,E14000929,Labour,17008
2017,E14000929,Lib Dem,2722
2017,E14000929,UKIP,1954
2017,E14000929,Green,968
2017,E14000929,Independent,900
2017,E14000930,Labour,34170
2017,E14000930,Conservative,17172
2017,E14000930,Lib Dem,1308
2017,E14000930,Green,1308
2017,E14000930,UKIP,1228
2017,E14000930,Independent,417
2017,E14000931,Conservative,32985
2017,E14000931,Labour,12414
2017,E14000931,Lib Dem,8901
2017,E14000931,UKIP,1291
2017,E14000931,Green,1157
2017,E14000932,Conservative,36231
2017,E14000932,Lib Dem,13325
2017,E14000932,Labour,10998
2017,E14000932,Green,2047
2017,E14000932,Independent,991
2017,E14000933,Conservative,26811
2017,E14000933,Labour,15321
2017,E14000933,UKIP,3193
2017,E14000933,Lib Dem,732
2017,E14000933,Green,680
2017,E14000933,Other,383
2017,E14000934,Conservative,33631
2017,E14000934,Labour,17679
2017,E14000934,Lib Dem,12102
2017,E14000934,Green,1512
2017,E14000935,Conservative,30907
2017,E14000935,Labour,18937
2017,E14000935,Lib Dem,1870
2017,E14000935,Green,917
2017,E14000936,Conservative,29135
2017,E14000936,Labour,17440
2017,E14000936,Lib Dem,3053
2017,E14000936,Green,2278
2017,E14000937,Conservative,33601
2017,E14000937,Labour,17443
2017,E14000937,Lib Dem,11958
2017,E14000938,Conservative,29493
2017,E14000938,Labour,12050
2017,E14000938,Lib Dem,10336
2017,E14000938,Green,1335
2017,E14000939,Conservative,35179
2017,E14000939,Labour,10282
2017,E14000939,UKIP,2185
2017,E14000939,Lib Dem,1433
2017,E14000939,Green,894
2017,E14000939,Independent,342
2017,E14000940,Conservative,34795
2017,E14000940,Labour,16164
2017,E14000940,Lib Dem,2403
2017,E14000940,UKIP,2235
2017,E14000940,Green,1092
2017,E14000941,Conservative,35580
2017,E14000941,Labour,18902
2017,E14000941,Lib Dem,5074
2017,E14000941,Green,1555
2017,E14000942,Conservative,40599
2017,E14000942,Labour,17759
2017,E14000942,Lib Dem,3623
2017,E14000942,UKIP,1363
2017,E14000942,Green,1357
2017,E14000942,Independent,297
2017,E14000943,Conservative,28980
2017,E14000943,Labour,21559
2017,E14000943,Lib Dem,2073
2017,E14000943,UKIP,1387
2017,E14000943,Green,494
2017,E14000943,Other,341
2017,E14000944,Labour,25078
2017,E14000944,Conservative,10570
2017,E14000944,UKIP,3006
2017,E14000944,Green,1437
2017,E14000944,Lib Dem,681
2017,E14000945,Conservative,35656
2017,E14000945,Labour,12923
2017,E14000945,Lib Dem,1348
2017,E14000945,Green,1182
2017,E14000946,Conservative,32829
2017,E14000946,Labour,15080
2017,E14000946,Lib Dem,3154
2017,E14000946,Green,1723
2017,E14000946,UKIP,1449
2017,E14000947,Conservative,24809
2017,E14000947,Labour,22345
2017,E14000947,Lib Dem,2079
2017,E14000947,UKIP,1291
2017,E14000947,Green,747
2017,E14000948,Conservative,25262
2017,E14000948,Labour,18875
2017,E14000948,UKIP,2997
2017,E14000948,Lib Dem,1514
2017,E14000948,Green,809
2017,E14000948,Independent,181
2017,E14000949,Conservative,32961
2017,E14000949,Labour,18793
2017,E14000949,Lib Dem,2630
2017,E14000949,Green,950
2017,E14000949,Other,301
2017,E14000950,Conservative,31634
2017,E14000950,Labour,15818
2017,E14000950,Lib Dem,2732
2017,E14000950,UKIP,1540
2017,E14000950,Green,1133
2017,E14000951,Conservative,35128
2017,E14000951,Labour,15578
2017,E14000951,Lib Dem,7078
2017,E14000951,Green,1576
2017,E14000951,UKIP,1293
2017,E14000952,Conservative,32894
2017,E14000952,Labour,14582
2017,E14000952,UKIP,2575
2017,E14000952,Lib Dem,2365
2017,E14000953,Conservative,33683
2017,E14000953,Other,12093
2017,E14000953,Labour,7606
2017,E14000953,Lib Dem,5967
2017,E14000953,UKIP,1083
2017,E14000954,Conservative,32841
2017,E14000954,Labour,14515
2017,E14000954,Lib Dem,5360
2017,E14000954,Green,1445
2017,E14000954,Independent,590
2017,E14000955,Conservative,21773
2017,E14000955,Labour,21742
2017,E14000955,Lib Dem,1421
2017,E14000955,UKIP,1122
2017,E14000955,Green,725
2017,E14000956,Labour,27509
2017,E14000956,Conservative,16006
2017,E14000956,Lib Dem,1892
2017,E14000956,Other,816
2017,E14000956,Independent,680
2017,E14000957,Conservative,26046
2017,E14000957,Labour,16046
2017,E14000957,Lib Dem,2110
2017,E14000957,UKIP,1666
2017,E14000957,Green,831
2017,E14000957,Other,305
2017,E14000957,Independent,187
2017,E14000958,Conservative,18541
2017,E14000958,Labour,15627
2017,E14000958,Lib Dem,12661
2017,E14000958,UKIP,1127
2017,E14000959,Conservative,28692
2017,E14000959,Labour,15267
2017,E14000959,Lib Dem,2755
2017,E14000959,UKIP,2296
2017,E14000959,Green,1105
2017,E14000960,Conservative,24571
2017,E14000960,Lib Dem,18462
2017,E14000960,Labour,13137
2017,E14000960,Green,828
2017,E14000961,Conservative,26856
2017,E14000961,Labour,15714
2017,E14000961,Lib Dem,11642
2017,E14000962,Labour,32012
2017,E14000962,Conservative,13606
2017,E14000962,UKIP,2097
2017,E14000962,Lib Dem,1287
2017,E14000962,Green,1220
2017,E14000963,Labour,35879
2017,E14000963,Conservative,11536
2017,E14000963,Lib Dem,2101
2017,E14000963,UKIP,1953
2017,E14000963,Green,1417
2017,E14000964,Conservative,22120
2017,E14000964,Lib Dem,21808
2017,E14000964,Labour,7298
2017,E14000965,Conservative,28424
2017,E14000965,Labour,20695
2017,E14000965,Lib Dem,1540
2017,E14000965,Green,1265
2017,E14000966,Conservative,25963
2017,E14000966,Labour,15133
2017,E14000966,Independent,1524
2017,E14000966,Lib Dem,1494
2017,E14000966,Green,541
2017,E14000967,Labour,24277
2017,E14000967,Conservative,16193
2017,E14000967,Lib Dem,996
2017,E14000967,Green,991
2017,E14000968,Conservative,24798
2017,E14000968,Labour,21414
2017,E14000968,Lib Dem,2032
2017,E14000968,Green,1085
2017,E14000969,Labour,26282
2017,E14000969,Conservative,11805
2017,E14000969,Lib Dem,1778
2017,E14000969,UKIP,1088
2017,E14000969,Green,591
2017,E14000970,Labour,24304
2017,E14000970,Conservative,15589
2017,E14000970,UKIP,1834
2017,E14000970,Lib Dem,646
2017,E14000970,Green,358
2017,E14000971,Labour,26102
2017,E14000971,Conservative,25214
2017,E14000971,UKIP,1186
2017,E14000971,Lib Dem,951
2017,E14000971,Green,371
2017,E14000972,Labour,17083
2017,E14000972,Conservative,13186
2017,E14000972,UKIP,1608
2017,E14000972,Lib Dem,680
2017,E14000972,Green,378
2017,E14000972,Independent,210
2017,E14000973,Labour,21272
2017,E14000973,Conservative,18913
2017,E14000973,Lib Dem,916
2017,E14000973,Green,685
2017,E14000974,Conservative,20451
2017,E14000974,Labour,19788
2017,E14000974,Lib Dem,808
2017,E14000974,Green,643
2017,E14000975,Conservative,31614
2017,E14000975,Labour,14119
2017,E14000975,Lib Dem,2222
2017,E14000975,UKIP,1370
2017,E14000975,Green,707
2017,E14000976,Conservative,25706
2017,E14000976,Labour,18052
2017,E14000976,UKIP,1801
2017,E14000976,Lib Dem,1083
2017,E14000976,Green,493
2017,E14000977,Conservative,32657
2017,E14000977,Labour,11699
2017,E14000977,Lib Dem,6357
2017,E14000977,Green,1345
2017,E14000977,Independent,255
2017,E14000977,Other,219
2017,E14000978,Labour,38212
2017,E14000978,Conservative,11927
2017,E14000978,Lib Dem,3611
2017,E14000978,Green,1696
2017,E14000978,UKIP,349
2017,E14000979,Labour,33519
2017,E14000979,Conservative,13814
2017,E14000979,UKIP,1094
2017,E14000979,Lib Dem,1001
2017,E14000979,Green,641
2017,E14000979,Independent,122
2017,E14000980,Labour,29994
2017,E14000980,Conservative,29307
2017,E14000980,Lib Dem,2053
2017,E14000980,Green,1423
2017,E14000980,UKIP,1039
2017,E14000981,Conservative,33713
2017,E14000981,Labour,17701
2017,E14000981,Lib Dem,4048
2017,E14000981,Green,1802
2017,E14000981,Independent,810
2017,E14000982,Labour,25056
2017,E14000982,Conservative,15059
2017,E14000982,UKIP,2209
2017,E14000982,Lib Dem,1777
2017,E14000982,Green,705
2017,E14000982,Independent,305
2017,E14000983,Conservative,37118
2017,E14000983,Labour,12175
2017,E14000983,Lib Dem,6271
2017,E14000983,Green,2258
2017,E14000984,Conservative,26567
2017,E14000984,Lib Dem,13869
2017,E14000984,Labour,10663
2017,E14000984,Green,871
2017,E14000985,Conservative,32224
2017,E14000985,Labour,16885
2017,E14000985,Lib Dem,2302
2017,E14000985,Green,965
2017,E14000985,Independent,482
2017,E14000986,Conservative,28748
2017,E14000986,Labour,16401
2017,E14000986,Lib Dem,1961
2017,E14000987,Conservative,28764
2017,E14000987,Labour,13977
2017,E14000987,Lib Dem,4431
2017,E14000987,Green,1024
2017,E14000987,Independent,920
2017,E14000988,Conservative,33333
2017,E14000988,Lib Dem,17446
2017,E14000988,Labour,9689
2017,E14000988,UKIP,1434
2017,E14000988,Green,1151
2017,E14000989,Conservative,21777
2017,E14000989,Labour,21057
2017,E14000989,Lib Dem,954
2017,E14000989,Green,898
2017,E14000990,Conservative,35448
2017,E14000990,Labour,12874
2017,E14000990,Lib Dem,7981
2017,E14000990,Green,1576
2017,E14000990,UKIP,1205
2017,E14000991,Conservative,36201
2017,E14000991,Labour,10702
2017,E14000991,Lib Dem,9748
2017,E14000991,Green,1747
2017,E14000991,UKIP,1197
2017,E14000991,Independent,107
2017,E14000992,Conservative,27451
2017,E14000992,Labour,17887
2017,E14000992,UKIP,1656
2017,E14000992,Lib Dem,1345
2017,E14000992,Green,804
2017,E14000992,Independent,380
2017,E14000993,Conservative,33572
2017,E14000993,Labour,14571
2017,E14000993,Lib Dem,3859
2017,E14000993,UKIP,1532
2017,E14000993,Green,1100
2017,E14000993,Independent,753
2017,E14000993,Other,542
2017,E14000994,Conservative,28008
2017,E14000994,Lib Dem,15937
2017,E14000994,Labour,6112
2017,E14000994,Green,633
2017,E14000995,Conservative,19880
2017,E14000995,Labour,19535
2017,E14000995,UKIP,10112
2017,E14000995,Lib Dem,789
2017,E14000996,Conservative,35471
2017,E14000996,Labour,15670
2017,E14000996,Lib Dem,4639
2017,E14000996,Green,2035
2017,E14000997,Conservative,36218
2017,E14000997,Labour,12710
2017,E14000997,Lib Dem,3787
2017,E14000997,Green,2335
2017,E14000997,UKIP,1857
2017,E14000998,Labour,34694
2017,E14000998,Conservative,19236
2017,E14000998,Lib Dem,3057
2017,E14000998,Green,845
2017,E14000998,UKIP,339
2017,E14000999,Conservative,27141
2017,E14000999,Lib Dem,12858
2017,E14000999,Labour,9310
2017,E14000999,UKIP,1213
2017,E14000999,Green,652
2017,E14001000,Conservative,33612
2017,E14001000,Labour,12926
2017,E14001000,Lib Dem,10526
2017,E14001000,Green,1622
2017,E14001000,Independent,794
2017,E14001001,Conservative,26972
2017,E14001001,Labour,13495
2017,E14001001,Lib Dem,6466
2017,E14001001,Green,2097
2017,E14001001,UKIP,1240
2017,E14001002,Labour,40249
2017,E14001002,Conservative,5665
2017,E14001002,Lib Dem,1687
2017,E14001002,Green,1276
2017,E14001002,UKIP,462
2017,E14001003,Conservative,25123
2017,E14001003,Labour,21331
2017,E14001003,Lib Dem,8465
2017,E14001003,UKIP,897
2017,E14001003,Green,831
2017,E14001004,Conservative,30856
2017,E14001004,Labour,14391
2017,E14001004,Lib Dem,5355
2017,E14001004,UKIP,1464
2017,E14001004,Green,1441
2017,E14001004,Other,702
2017,E14001005,Lib Dem,34969
2017,E14001005,Conservative,25207
2017,E14001005,Labour,6114
2017,E14001006,Labour,32395
2017,E14001006,Conservative,20729
2017,E14001006,Lib Dem,1724
2017,E14001006,UKIP,1257
2017,E14001006,Green,629
2017,E14001006,Independent,124
2017,E14001007,Conservative,23716
2017,E14001007,Labour,18682
2017,E14001007,Lib Dem,1835
2017,E14001007,UKIP,1577
2017,E14001007,Green,884
2017,E14001008,Labour,31576
2017,E14001008,Lib Dem,11326
2017,E14001008,Conservative,10277
2017,E14001008,Green,1152
2017,E14001008,Other,711
2017,E14001009,Labour,22987
2017,E14001009,Conservative,20811
2017,E14001009,Independent,1176
2017,E14001009,Lib Dem,943
2017,E14001009,Other,367
2017,E14001010,Labour,34552
2017,E14001010,Conservative,11232
2017,E14001010,UKIP,1160
2017,E14001010,Lib Dem,772
2017,E14001010,Green,637
2017,E14001011,Conservative,18919
2017,E14001011,Labour,16318
2017,E14001011,UKIP,2295
2017,E14001011,Lib Dem,586
2017,E14001012,Labour,25286
2017,E14001012,Conservative,16394
2017,E14001012,UKIP,1805
2017,E14001012,Lib Dem,587
2017,E14001013,Labour,38700
2017,E14001013,Conservative,6776
2017,E14001013,Lib Dem,1384
2017,E14001013,Green,1190
2017,E14001014,Labour,24338
2017,E14001014,Conservative,13903
2017,E14001014,Lib Dem,2015
2017,E14001014,UKIP,1483
2017,E14001014,Green,715
2017,E14001015,Conservative,34459
2017,E14001015,Labour,17079
2017,E14001015,Lib Dem,9234
2017,E14001015,Green,1546
2017,E14001015,UKIP,1284
2017,E14001016,Labour,27004
2017,E14001016,Conservative,10521
2017,E14001016,UKIP,1349
2017,E14001016,Lib Dem,777
2017,E14001016,Green,555
2017,E14001017,Labour,27356
2017,E14001017,Conservative,17774
2017,E14001017,UKIP,1561
2017,E14001017,Lib Dem,1207
2017,E14001017,Green,619
2017,E14001018,Labour,29994
2017,E14001018,Conservative,27445
2017,E14001018,Lib Dem,3339
2017,E14001018,Independent,1217
2017,E14001019,Labour,25227
2017,E14001019,Conservative,24021
2017,E14001019,Lib Dem,2810
2017,E14001019,Green,1198
2017,E14001019,UKIP,799
2017,E14001020,Labour,24639
2017,E14001020,Conservative,11699
2017,E14001020,UKIP,2761
2017,E14001020,Lib Dem,961
2017,E14001020,Green,514
2017,E14001021,Conservative,26731
2017,E14001021,Labour,24639
2017,E14001021,Lib Dem,5335
2017,E14001021,UKIP,1184
2017,E14001021,Green,721
2017,E14001022,Conservative,28643
2017,E14001022,Labour,19428
2017,E14001022,UKIP,1933
2017,E14001022,Green,1332
2017,E14001022,Lib Dem,1012
2017,E14001022,Independent,326
2017,E14001023,Conservative,37027
2017,E14001023,Labour,13399
2017,E14001023,Lib Dem,6281
2017,E14001023,Green,1959
2017,E14001023,UKIP,1798
2017,E14001024,Labour,26066
2017,E14001024,Conservative,22138
2017,E14001024,Lib Dem,1623
2017,E14001024,Green,786
2017,E14001025,Conservative,30579
2017,E14001025,Labour,18119
2017,E14001025,UKIP,1804
2017,E14001025,Lib Dem,1782
2017,E14001025,Green,956
2017,E14001026,Conservative,30488
2017,E14001026,Lib Dem,23906
2017,E14001026,Labour,7129
2017,E14001026,Other,320
2017,E14001027,Conservative,26374
2017,E14001027,Labour,19005
2017,E14001027,Lib Dem,3836
2017,E14001027,UKIP,1441
2017,E14001027,Green,835
2017,E14001027,Independent,178
2017,E14001028,Labour,28547
2017,E14001028,Conservative,13744
2017,E14001028,Lib Dem,1656
2017,E14001029,Labour,22664
2017,E14001029,Conservative,14951
2017,E14001029,Lib Dem,625
2017,E14001029,Green,533
2017,E14001029,Independent,325
2017,E14001030,Labour,18789
2017,E14001030,Conservative,14329
2017,E14001030,UKIP,2320
2017,E14001030,Lib Dem,333
2017,E14001030,Green,323
2017,E14001031,Conservative,33081
2017,E14001031,Lib Dem,13990
2017,E14001031,Labour,10896
2017,E14001031,Green,1631
2017,E14001032,Labour,46591
2017,E14001032,Conservative,9837
2017,E14001032,Lib Dem,1836
2017,E14001032,UKIP,1134
2017,E14001032,Green,957
2017,E14001032,Independent,353
2017,E14001033,Labour,32030
2017,E14001033,Conservative,20341
2017,E14001033,Lib Dem,1069
2017,E14001033,Green,680
2017,E14001033,Other,269
2017,E14001034,Conservative,31649
2017,E14001034,Labour,14586
2017,E14001034,UKIP,2396
2017,E14001034,Lib Dem,2180
2017,E14001034,Green,935
2017,E14001035,Conservative,34703
2017,E14001035,Labour,13375
2017,E14001035,Lib Dem,5307
2017,E14001035,Green,1605
2017,E14001035,UKIP,1481
2017,E14001036,Labour,25934
2017,E14001036,Conservative,14422
2017,E14001036,Lib Dem,2253
2017,E14001036,Green,595
2017,E14001036,Independent,91
2017,E14001037,Lib Dem,23686
2017,E14001037,Conservative,22909
2017,E14001037,Labour,4783
2017,E14001037,Independent,309
2017,E14001038,Conservative,29982
2017,E14001038,Labour,18438
2017,E14001038,Lib Dem,5175
2017,E14001038,UKIP,1932
2017,E14001038,Green,888
2017,E14001039,Labour,29575
2017,E14001039,Conservative,13548
2017,E14001039,UKIP,2750
2017,E14001039,Lib Dem,916
2017,E14001039,Green,753
2017,E14001040,Conservative,23946
2017,E14001040,Labour,18324
2017,E14001040,Lib Dem,7427
2017,E14001040,Green,1231
2017,E14001040,UKIP,553
2017,E14001041,Conservative,29729
2017,E14001041,Lib Dem,19730
2017,E14001041,Labour,6007
2017,E14001041,Green,846
2017,E14001041,UKIP,695
2017,E14001041,Other,149
2017,E14001042,Conservative,34718
2017,E14001042,Labour,12334
2017,E14001042,Lib Dem,5434
2017,E14001042,Green,1435
2017,E14001043,Labour,25871
2017,E14001043,Conservative,17548
2017,E14001043,Lib Dem,1322
2017,E14001043,Green,454
2017,E14001044,Labour,23866
2017,E14001044,Conservative,18501
2017,E14001044,Lib Dem,1155
2017,E14001044,Green,429
2017,E14001045,Conservative,31670
2017,E14001045,Labour,13024
2017,E14001045,Lib Dem,2715
2017,E14001045,Green,1832
2017,E14001046,Conservative,33839
2017,E14001046,Labour,12598
2017,E14001046,Lib Dem,12457
2017,E14001046,Green,1053
2017,E14001046,UKIP,980
2017,E14001047,Conservative,29903
2017,E14001047,Labour,13179
2017,E14001047,Lib Dem,9711
2017,E14001047,UKIP,1161
2017,E14001047,Green,1092
2017,E14001047,Independent,200
2017,E14001048,Conservative,33806
2017,E14001048,Labour,15008
2017,E14001048,Lib Dem,9512
2017,E14001048,Green,1364
2017,E14001049,Labour,19282
2017,E14001049,Conservative,14695
2017,E14001049,UKIP,1479
2017,E14001049,Lib Dem,570
2017,E14001049,Green,482
2017,E14001050,Labour,21137
2017,E14001050,Conservative,12623
2017,E14001050,UKIP,1675
2017,E14001050,Lib Dem,448
2017,E14001050,Green,421
2017,E14001051,Labour,20889
2017,E14001051,Conservative,18714
2017,E14001051,UKIP,1012
2017,E14001051,Lib Dem,784
2017,E14001051,Green,579
2017,E14001051,Independent,358
2017,E14001052,Conservative,24713
2017,E14001052,Labour,22223
2017,E14001052,Lib Dem,1757
2017,E14001052,UKIP,1354
2017,E14001052,Green,1211
2017,E14001052,Independent,109
2017,E14001052,Other,38
2017,E14001053,Labour,21317
2017,E14001053,Conservative,17392
2017,E14001053,UKIP,1556
2017,E14001053,Lib Dem,1133
2017,E14001053,Independent,278
2017,E14001054,Labour,26046
2017,E14001054,Conservative,17667
2017,E14001054,Lib Dem,1087
2017,E14001054,Green,842
2017,E14001055,Conservative,30181
2017,E14001055,Labour,18091
2017,E14001055,Lib Dem,2982
2017,E14001055,UKIP,1635
2017,E14001055,Green,1614
2017,E14001056,Conservative,26766
2017,E14001056,Labour,20188
2017,E14001056,Lib Dem,4147
2017,E14001056,UKIP,1210
2017,E14001056,Green,1182
2017,E14001057,Conservative,30684
2017,E14001057,Labour,18438
2017,E14001057,Lib Dem,2551
2017,E14001057,Green,973
2017,E14001058,Conservative,29859
2017,E14001058,Labour,16525
2017,E14001058,Lib Dem,1943
2017,E14001058,UKIP,1777
2017,E14001058,Green,1025
2017,E14001059,Labour,28525
2017,E14001059,Conservative,13581
2017,E14001059,Lib Dem,1504
2017,E14001059,UKIP,1475
2017,E14001059,Green,576
2017,E14001059,Independent,185
2017,E14001060,Conservative,32369
2017,E14001060,Lib Dem,17646
2017,E14001060,Labour,7418
2017,E14001060,Green,1052
2017,E14001060,Independent,919
2017,E14001061,Labour,34594
2017,E14001061,Conservative,16019
2017,E14001061,Lib Dem,2475
2017,E14001062,Conservative,29356
2017,E14001062,Labour,21067
2017,E14001062,Lib Dem,5910
2017,E14001062,Green,1094
2017,N06000001,Democratic Unionist Party,23917
2017,N06000001,Alliance,15443
2017,N06000001,Ulster Unionist Party,1408
2017,N06000001,Sinn Fein,894
2017,N06000001,Green,561
2017,N06000001,Conservative,446
2017,N06000001,Social Democratic and Labour Party,167
2017,N06000001,Independent,54
2017,N06000002,Democratic Unionist Party,21240
2017,N06000002,Sinn Fein,19159
2017,N06000002,Alliance,2475
2017,N06000002,Social Democratic and Labour Party,2058
2017,N06000002,Green,644
2017,N06000002,Workers Party,360
2017,N06000003,Democratic Unionist Party,13299
2017,N06000003,Social Democratic and Labour Party,11303
2017,N06000003,Alliance,7946
2017,N06000003,Sinn Fein,7143
2017,N06000003,Green,2241
2017,N06000003,Ulster Unionist Party,1527
2017,N06000003,Conservative,246
2017,N06000004,Sinn Fein,27107
2017,N06000004,Democratic Unionist Party,5455
2017,N06000004,People Before Profit,4132
2017,N06000004,Social Democratic and Labour Party,2860
2017,N06000004,Alliance,731
2017,N06000004,Workers Party,348
2017,N06000005,Democratic Unionist Party,21873
2017,N06000005,Alliance,5950
2017,N06000005,Ulster Unionist Party,4524
2017,N06000005,Sinn Fein,3555
2017,N06000005,Social Democratic and Labour Party,1278
2017,N06000005,Conservative,963
2017,N06000006,Democratic Unionist Party,19723
2017,N06000006,Sinn Fein,10881
2017,N06000006,Social Democratic and Labour Party,4423
2017,N06000006,Ulster Unionist Party,3135
2017,N06000006,Alliance,2538
2017,N06000006,Conservative,330
2017,N06000007,Sinn Fein,25230
2017,N06000007,Ulster Unionist Party,24355
2017,N06000007,Social Democratic and Labour Party,2587
2017,N06000007,Alliance,886
2017,N06000007,Green,423
2017,N06000008,Sinn Fein,18256
2017,N06000008,Social Democratic and Labour Party,18087
2017,N06000008,Democratic Unionist Party,7398
2017,N06000008,People Before Profit,1377
2017,N06000008,Alliance,847
2017,N06000009,Democratic Unionist Party,26762
2017,N06000009,Ulster Unionist Party,7533
2017,N06000009,Alliance,4996
2017,N06000009,Social Democratic and Labour Party,3384
2017,N06000009,Sinn Fein,1567
2017,N06000009,Conservative,462
2017,N06000009,Independent,222
2017,N06000010,Sinn Fein,25455
2017,N06000010,Democratic Unionist Party,12565
2017,N06000010,Social Democratic and Labour Party,4563
2017,N06000010,Ulster Unionist Party,3017
2017,N06000010,Alliance,1094
2017,N06000011,Sinn Fein,25666
2017,N06000011,Democratic Unionist Party,13177
2017,N06000011,Social Democratic and Labour Party,9055
2017,N06000011,Ulster Unionist Party,4425
2017,N06000011,Alliance,1256
2017,N06000012,Democratic Unionist Party,28521
2017,N06000012,Sinn Fein,7878
2017,N06000012,Ulster Unionist Party,3482
2017,N06000012,Traditional Unionist Voice,3282
2017,N06000012,Alliance,2723
2017,N06000012,Social Democratic and Labour Party,2574
2017,N06000013,Independent,16148
2017,N06000013,Democratic Unionist Party,14940
2017,N06000013,Alliance,3639
2017,N06000013,Green,2549
2017,N06000013,Conservative,941
2017,N06000013,Sinn Fein,531
2017,N06000013,Social Democratic and Labour Party,400
2017,N06000013,Independent,37
2017,N06000014,Democratic Unionist Party,16508
2017,N06000014,Ulster Unionist Party,13300
2017,N06000014,Sinn Fein,7797
2017,N06000014,Alliance,3203
2017,N06000014,Social Democratic and Labour Party,2362
2017,N06000015,Sinn Fein,20328
2017,N06000015,Social Democratic and Labour Party,17882
2017,N06000015,Democratic Unionist Party,8867
2017,N06000015,Ulster Unionist Party,2002
2017,N06000015,Alliance,1814
2017,N06000016,Democratic Unionist Party,24036
2017,N06000016,Alliance,5693
2017,N06000016,Ulster Unionist Party,4419
2017,N06000016,Social Democratic and Labour Party,2404
2017,N06000016,Sinn Fein,1083
2017,N06000016,Green,607
2017,N06000016,Conservative,507
2017,N06000017,Democratic Unionist Party,22317
2017,N06000017,Sinn Fein,14325
2017,N06000017,Ulster Unionist Party,7900
2017,N06000017,Social Democratic and Labour Party,4397
2017,N06000017,Alliance,2319
2017,N06000018,Sinn Fein,22060
2017,N06000018,Democratic Unionist Party,11718
2017,N06000018,Social Democratic and Labour Party,5635
2017,N06000018,Ulster Unionist Party,2253
2017,N06000018,Alliance,1000
2017,N06000018,Green,427
2017,N06000018,Citizens Independent Social Thought Alliance,393
2017,S14000001,Scottish National Party,15170
2017,S14000001,Labour,11031
2017,S14000001,Conservative,8341
2017,S14000001,Lib Dem,1693
2017,S14000001,Independent,522
2017,S14000002,Conservative,18746
2017,S14000002,Scottish National Party,13994
2017,S14000002,Labour,9143
2017,S14000002,Lib Dem,2600
2017,S14000003,Scottish National Party,14291
2017,S14000003,Labour,14096
2017,S14000003,Conservative,8813
2017,S14000003,Lib Dem,802
2017,S14000004,Conservative,18148
2017,S14000004,Scottish National Party,15504
2017,S14000004,Labour,5233
2017,S14000004,Lib Dem,1308
2017,S14000005,Scottish National Party,17304
2017,S14000005,Conservative,15976
2017,S14000005,Lib Dem,8745
2017,S14000005,Labour,6044
2017,S14000006,Conservative,18550
2017,S14000006,Scottish National Party,15776
2017,S14000006,Labour,11024
2017,S14000006,Lib Dem,872
2017,S14000007,Conservative,19976
2017,S14000007,Scottish National Party,16283
2017,S14000007,Labour,3936
2017,S14000007,Lib Dem,1448
2017,S14000008,Conservative,28213
2017,S14000008,Scottish National Party,17153
2017,S14000008,Labour,4519
2017,S14000008,Lib Dem,2482
2017,S14000009,Lib Dem,11061
2017,S14000009,Scottish National Party,9017
2017,S14000009,Conservative,6990
2017,S14000009,Labour,3833
2017,S14000010,Scottish National Party,16771
2017,S14000010,Conservative,15504
2017,S14000010,Labour,11762
2017,S14000010,Lib Dem,1050
2017,S14000011,Labour,19193
2017,S14000011,Scottish National Party,17607
2017,S14000011,Conservative,7318
2017,S14000011,Lib Dem,922
2017,S14000012,Scottish National Party,19122
2017,S14000012,Labour,14858
2017,S14000012,Conservative,8010
2017,S14000012,Lib Dem,1238
2017,S14000012,UKIP,605
2017,S14000013,Conservative,22344
2017,S14000013,Scottish National Party,16701
2017,S14000013,Labour,10775
2017,S14000013,Lib Dem,1241
2017,S14000013,Independent,538
2017,S14000014,Conservative,24177
2017,S14000014,Scottish National Party,14736
2017,S14000014,Labour,8102
2017,S14000014,Lib Dem,1949
2017,S14000015,Scottish National Party,18391
2017,S14000015,Conservative,11746
2017,S14000015,Labour,11176
2017,S14000015,Lib Dem,1615
2017,S14000016,Scottish National Party,18045
2017,S14000016,Labour,12783
2017,S14000016,Conservative,6257
2017,S14000016,Lib Dem,1189
2017,S14000016,Independent,403
2017,S14000017,Scottish National Party,18121
2017,S14000017,Labour,17277
2017,S14000017,Conservative,12593
2017,S14000017,Lib Dem,3019
2017,S14000018,Lib Dem,21023
2017,S14000018,Scottish National Party,15684
2017,S14000018,Conservative,7563
2017,S14000018,Labour,7531
2017,S14000019,Scottish National Party,21023
2017,S14000019,Labour,17157
2017,S14000019,Conservative,13704
2017,S14000019,Lib Dem,1590
2017,S14000019,UKIP,628
2017,S14000020,Labour,20158
2017,S14000020,Scottish National Party,17075
2017,S14000020,Conservative,16540
2017,S14000020,Lib Dem,1738
2017,S14000020,Independent,367
2017,S14000021,Conservative,21496
2017,S14000021,Scottish National Party,16784
2017,S14000021,Labour,14346
2017,S14000021,Lib Dem,1112
2017,S14000022,Scottish National Party,18509
2017,S14000022,Labour,15084
2017,S14000022,Conservative,8081
2017,S14000022,Lib Dem,1849
2017,S14000023,Scottish National Party,19243
2017,S14000023,Labour,17618
2017,S14000023,Conservative,15385
2017,S14000023,Lib Dem,2579
2017,S14000023,Green,1727
2017,S14000024,Labour,26269
2017,S14000024,Scottish National Party,10755
2017,S14000024,Conservative,9428
2017,S14000024,Lib Dem,1388
2017,S14000025,Scottish National Party,17575
2017,S14000025,Conservative,16478
2017,S14000025,Labour,13213
2017,S14000025,Lib Dem,2124
2017,S14000026,Lib Dem,18108
2017,S14000026,Scottish National Party,15120
2017,S14000026,Conservative,11559
2017,S14000026,Labour,7876
2017,S14000026,Independent,132
2017,S14000027,Scottish National Party,6013
2017,S14000027,Labour,5006
2017,S14000027,Conservative,2441
2017,S14000027,Independent,1108
2017,S14000027,Lib Dem,250
2017,S14000028,Scottish National Party,20952
2017,S14000028,Labour,16029
2017,S14000028,Conservative,14088
2017,S14000028,Lib Dem,1120
2017,S14000028,Green,908
2017,S14000028,UKIP,712
2017,S14000029,Scottish National Party,16096
2017,S14000029,Labour,13829
2017,S14000029,Conservative,5014
2017,S14000029,Lib Dem,1045
2017,S14000030,Scottish National Party,14024
2017,S14000030,Labour,13949
2017,S14000030,Conservative,6816
2017,S14000030,Lib Dem,576
2017,S14000030,UKIP,504
2017,S14000030,Independent,158
2017,S14000030,Other,148
2017,S14000031,Scottish National Party,12597
2017,S14000031,Labour,11537
2017,S14000031,Conservative,4935
2017,S14000031,Green,3251
2017,S14000031,Lib Dem,1153
2017,S14000032,Labour,13637
2017,S14000032,Scottish National Party,13395
2017,S14000032,Conservative,4106
2017,S14000032,Lib Dem,637
2017,S14000033,Scottish National Party,16508
2017,S14000033,Labour,13947
2017,S14000033,Conservative,7002
2017,S14000033,Lib Dem,1387
2017,S14000034,Scottish National Party,18312
2017,S14000034,Labour,16285
2017,S14000034,Conservative,8506
2017,S14000034,Lib Dem,1447
2017,S14000035,Scottish National Party,14386
2017,S14000035,Labour,14326
2017,S14000035,Conservative,5524
2017,S14000035,Lib Dem,661
2017,S14000035,UKIP,481
2017,S14000036,Scottish National Party,17291
2017,S14000036,Labour,14024
2017,S14000036,Conservative,7876
2017,S14000036,Lib Dem,1208
2017,S14000037,Conservative,21861
2017,S14000037,Scottish National Party,19254
2017,S14000037,Labour,6340
2017,S14000037,Lib Dem,6230
2017,S14000038,Scottish National Party,15050
2017,S14000038,Labour,14666
2017,S14000038,Conservative,8399
2017,S14000038,Lib Dem,978
2017,S14000039,Scottish National Party,21042
2017,S14000039,Conservative,16118
2017,S14000039,Labour,8552
2017,S14000039,Lib Dem,6477
2017,S14000039,Independent,612
2017,S14000040,Scottish National Party,19690
2017,S14000040,Labour,13421
2017,S14000040,Conservative,12404
2017,S14000040,Lib Dem,994
2017,S14000041,Labour,17016
2017,S14000041,Scottish National Party,16757
2017,S14000041,Conservative,10762
2017,S14000041,Lib Dem,1118
2017,S14000041,UKIP,540
2017,S14000042,Scottish National Party,16444
2017,S14000042,Conservative,16178
2017,S14000042,Labour,16084
2017,S14000042,Lib Dem,1214
2017,S14000042,UKIP,550
2017,S14000043,Scottish National Party,20388
2017,S14000043,Labour,17469
2017,S14000043,Conservative,16311
2017,S14000043,Lib Dem,1926
2017,S14000044,Scottish National Party,21036
2017,S14000044,Labour,17158
2017,S14000044,Conservative,12799
2017,S14000044,Lib Dem,1512
2017,S14000045,Labour,16458
2017,S14000045,Scottish National Party,15573
2017,S14000045,Conservative,11521
2017,S14000045,Lib Dem,1721
2017,S14000046,Conservative,22637
2017,S14000046,Scottish National Party,18478
2017,S14000046,Labour,5208
2017,S14000046,Lib Dem,1078
2017,S14000046,Independent,204
2017,S14000047,Scottish National Party,16150
2017,S14000047,Labour,15832
2017,S14000047,Conservative,8490
2017,S14000047,Lib Dem,920
2017,S14000047,UKIP,534
2017,S14000048,Scottish National Party,18451
2017,S14000048,Conservative,14818
2017,S14000048,Labour,13040
2017,S14000048,Lib Dem,1124
2017,S14000049,Scottish National Party,13743
2017,S14000049,Lib Dem,13741
2017,S14000049,Conservative,10088
2017,S14000049,Labour,4026
2017,S14000049,Independent,224
2017,S14000050,Conservative,22469
2017,S14000050,Scottish National Party,19110
2017,S14000050,Labour,10847
2017,S14000050,Lib Dem,1742
2017,S14000051,Lib Dem,11312
2017,S14000051,Scottish National Party,6749
2017,S14000051,Labour,2664
2017,S14000051,Conservative,2024
2017,S14000051,UKIP,283
2017,S14000051,Independent,245
2017,S14000052,Scottish National Party,17455
2017,S14000052,Labour,14842
2017,S14000052,Conservative,12842
2017,S14000052,Lib Dem,1476
2017,S14000053,Scottish National Party,16964
2017,S14000053,Labour,14423
2017,S14000053,Conservative,8122
2017,S14000053,Lib Dem,1327
2017,S14000053,Independent,876
2017,S14000054,Scottish National Party,21804
2017,S14000054,Conservative,21783
2017,S14000054,Labour,5349
2017,S14000054,Lib Dem,2589
2017,S14000055,Scottish National Party,15480
2017,S14000055,Conservative,9561
2017,S14000055,Lib Dem,8042
2017,S14000055,Labour,4695
2017,S14000055,Independent,499
2017,S14000055,Other,177
2017,S14000056,Labour,19101
2017,S14000056,Scottish National Party,18836
2017,S14000056,Conservative,9941
2017,S14000056,Lib Dem,2158
2017,S14000056,UKIP,465
2017,S14000056,Independent,371
2017,S14000057,Conservative,18291
2017,S14000057,Scottish National Party,18143
2017,S14000057,Labour,10902
2017,S14000057,Lib Dem,1683
2017,S14000057,Independent,337
2017,S14000058,Conservative,24704
2017,S14000058,Scottish National Party,16755
2017,S14000058,Labour,5706
2017,S14000058,Lib Dem,4461
2017,S14000059,Scottish National Party,18890
2017,S14000059,Labour,16602
2017,S14000059,Conservative,7582
2017,S14000059,Lib Dem,1009
2017,W07000041,Labour,15643
2017,W07000041,Conservative,10384
2017,W07000041,Plaid Cymru,10237
2017,W07000041,UKIP,624
2017,W07000041,Lib Dem,479
2017,W07000042,Labour,20573
2017,W07000042,Conservative,16333
2017,W07000042,Plaid Cymru,1481
2017,W07000042,Lib Dem,1031
2017,W07000043,Labour,23315
2017,W07000043,Conservative,18080
2017,W07000043,Plaid Cymru,1171
2017,W07000043,UKIP,1117
2017,W07000043,Lib Dem,1077
2017,W07000044,Labour,17153
2017,W07000044,Conservative,15321
2017,W07000044,Plaid Cymru,1753
2017,W07000044,Lib Dem,865
2017,W07000045,Labour,21568
2017,W07000045,Conservative,9544
2017,W07000045,Plaid Cymru,7351
2017,W07000045,UKIP,1331
2017,W07000045,Lib Dem,548
2017,W07000046,Labour,22727
2017,W07000046,Conservative,19458
2017,W07000046,Plaid Cymru,1669
2017,W07000046,Lib Dem,931
2017,W07000046,UKIP,642
2017,W07000046,Independent,149
2017,W07000047,Labour,22278
2017,W07000047,Conservative,11680
2017,W07000047,Plaid Cymru,1529
2017,W07000047,Lib Dem,1269
2017,W07000047,Green,434
2017,W07000047,Other,92
2017,W07000048,Labour,22307
2017,W07000048,Conservative,9139
2017,W07000048,Independent,1689
2017,W07000048,UKIP,1040
2017,W07000048,Lib Dem,625
2017,W07000048,Green,359
2017,W07000049,Labour,22662
2017,W07000049,Conservative,5901
2017,W07000049,Plaid Cymru,2761
2017,W07000049,UKIP,1345
2017,W07000049,Lib Dem,599
2017,W07000050,Labour,25193
2017,W07000050,Conservative,7997
2017,W07000050,Lib Dem,5415
2017,W07000050,Plaid Cymru,999
2017,W07000050,Green,420
2017,W07000050,UKIP,343
2017,W07000051,Labour,26081
2017,W07000051,Conservative,21907
2017,W07000051,Plaid Cymru,1738
2017,W07000051,Lib Dem,1714
2017,W07000051,UKIP,582
2017,W07000052,Labour,21096
2017,W07000052,Plaid Cymru,7350
2017,W07000052,Conservative,3333
2017,W07000052,UKIP,880
2017,W07000052,Lib Dem,277
2017,W07000053,Labour,22134
2017,W07000053,Conservative,11894
2017,W07000053,Plaid Cymru,2059
2017,W07000053,UKIP,1490
2017,W07000053,Lib Dem,852
2017,W07000054,Conservative,26411
2017,W07000054,Labour,18205
2017,W07000054,Lib Dem,2064
2017,W07000054,Plaid Cymru,1338
2017,W07000054,Green,954
2017,W07000054,UKIP,762
2017,W07000055,Labour,20804
2017,W07000055,Conservative,12801
2017,W07000055,UKIP,1180
2017,W07000055,Lib Dem,966
2017,W07000055,Plaid Cymru,881
2017,W07000055,Independent,188
2017,W07000056,Labour,22723
2017,W07000056,Conservative,17065
2017,W07000056,UKIP,1100
2017,W07000056,Plaid Cymru,1077
2017,W07000056,Lib Dem,976
2017,W07000056,Green,497
2017,W07000057,Plaid Cymru,11519
2017,W07000057,Labour,11427
2017,W07000057,Conservative,4614
2017,W07000057,Lib Dem,648
2017,W07000058,Conservative,14337
2017,W07000058,Labour,13702
2017,W07000058,Plaid Cymru,3170
2017,W07000058,Lib Dem,941
2017,W07000059,Conservative,19541
2017,W07000059,Labour,16104
2017,W07000059,Plaid Cymru,3918
2017,W07000059,Lib Dem,1091
2017,W07000060,Labour,19423
2017,W07000060,Conservative,17044
2017,W07000060,Plaid Cymru,1551
2017,W07000060,Lib Dem,666
2017,W07000061,Plaid Cymru,13687
2017,W07000061,Conservative,8837
2017,W07000061,Labour,6273
2017,W07000061,Lib Dem,937
2017,W07000061,UKIP,614
2017,W07000062,Labour,19002
2017,W07000062,Conservative,14646
2017,W07000062,Plaid Cymru,2293
2017,W07000062,UKIP,802
2017,W07000062,Lib Dem,731
2017,W07000063,Conservative,18075
2017,W07000063,Lib Dem,8790
2017,W07000063,Labour,5542
2017,W07000063,Plaid Cymru,1960
2017,W07000063,Green,524
2017,W07000064,Plaid Cymru,11623
2017,W07000064,Lib Dem,11519
2017,W07000064,Labour,8017
2017,W07000064,Conservative,7307
2017,W07000064,UKIP,602
2017,W07000064,Green,542
2017,W07000064,Other,157
2017,W07000065,Conservative,18302
2017,W07000065,Labour,17988
2017,W07000065,Plaid Cymru,2711
2017,W07000065,Independent,1209
2017,W07000065,Lib Dem,1106
2017,W07000065,UKIP,850
2017,W07000065,Other,31
2017,W07000066,Conservative,19771
2017,W07000066,Labour,16661
2017,W07000066,Plaid Cymru,3933
2017,W07000066,Lib Dem,956
2017,W07000066,UKIP,905
2017,W07000067,Plaid Cymru,16127
2017,W07000067,Labour,12219
2017,W07000067,Conservative,10778
2017,W07000067,UKIP,985
2017,W07000067,Lib Dem,920
2017,W07000068,Conservative,20081
2017,W07000068,Lib Dem,12043
2017,W07000068,Labour,7335
2017,W07000068,Plaid Cymru,1299
2017,W07000068,UKIP,576
2017,W07000069,Labour,21713
2017,W07000069,Conservative,9082
2017,W07000069,Plaid Cymru,5339
2017,W07000069,UKIP,1419
2017,W07000069,Lib Dem,732
2017,W07000070,Labour,19404
2017,W07000070,Conservative,6166
2017,W07000070,Plaid Cymru,4376
2017,W07000070,UKIP,1271
2017,W07000070,Lib Dem,585
2017,W07000071,Labour,22407
2017,W07000071,Conservative,6073
2017,W07000071,Plaid Cymru,2740
2017,W07000071,UKIP,1484
2017,W07000071,Lib Dem,841
2017,W07000072,Labour,18787
2017,W07000072,Plaid Cymru,6880
2017,W07000072,Conservative,4783
2017,W07000072,UKIP,973
2017,W07000072,Independent,666
2017,W07000072,Lib Dem,295
2017,W07000073,Labour,21913
2017,W07000073,Conservative,17213
2017,W07000073,Plaid Cymru,1783
2017,W07000073,Lib Dem,919
2017,W07000073,UKIP,781
2017,W07000073,Independent,646
2017,W07000074,Labour,23225
2017,W07000074,Conservative,9354
2017,W07000074,Plaid Cymru,2796
2017,W07000074,UKIP,1235
2017,W07000074,Lib Dem,594
2017,W07000075,Labour,22103
2017,W07000075,Conservative,10655
2017,W07000075,Plaid Cymru,4102
2017,W07000075,Lib Dem,1963
2017,W07000075,UKIP,1071
2017,W07000076,Labour,22491
2017,W07000076,Conservative,10413
2017,W07000076,Plaid Cymru,5962
2017,W07000076,UKIP,1259
2017,W07000076,Lib Dem,725
2017,W07000076,Green,447
2017,W07000077,Labour,21238
2017,W07000077,Conservative,9826
2017,W07000077,Plaid Cymru,2739
2017,W07000077,UKIP,1605
2017,W07000077,Lib Dem,685
2017,W07000078,Conservative,25501
2017,W07000078,Labour,23311
2017,W07000078,Plaid Cymru,2295
2017,W07000078,Lib Dem,1020
2017,W07000078,UKIP,868
2017,W07000078,Green,419
2017,W07000078,Other,304
2017,W07000079,Labour,26425
2017,W07000079,Conservative,13874
2017,W07000079,Plaid Cymru,4418
2017,W07000079,Lib Dem,1214
2017,W07000079,UKIP,698
2017,W07000080,Labour,30182
2017,W07000080,Conservative,15318
2017,W07000080,Plaid Cymru,2162
2017,W07000080,Lib Dem,1430
2017,W07000080,UKIP,942
2017,W07000080,Green,532
2017,W07000080,Independent,170
